Facility Name,Class I Recalls,Class II Recalls,Class III Recalls,ID,Reason for failure,State,City,Project Area,Inspection Classification,Month,Day,Year,Age of Facility,Main drug name,Size of Facility in square feet,Other drugs,Bachelors count,Masters count,Ph.D. Count,Number of employees,Annual revenue,Project area,Date of Inspection,Generic or brand?,Price of Drug,Specialty Drug?,Over-the-counter?,Number of facilities,Warning Letter?,Medicine focus,Past recalls,Strength of active,List of active,List of inactive
"Rising Pharmaceuticals, Inc.",0,4,0,1077356.0,21 CFR 314.80(c)(2),New Jersey,Somers Point,Bioresearch Monitoring,NAI,1.0,28.0,2019.0,12,,163108,,,,,,,,,,,,,,,,,,,
"Genentech, Inc.",1,0,2,1057924.0,21 CFR 211.192,California,Inglewood,Bioresearch Monitoring,VAI,7.0,5.0,2018.0,11,,506852,,,,,,,,,,,,,,,,,,,
"Genentech, Inc.",1,0,2,982487.0,21 CFR 211.22(a),New Jersey,Colonia,Drug Quality Assurance,OAI,7.0,8.0,2016.0,10,,716707,,,,,,,,,,,,,,,,,,,
"Genentech, Inc.",1,0,2,975839.0,21 CFR 211.67(a),Oklahoma,Broken Arrow,Drug Quality Assurance,VAI,4.0,15.0,2016.0,14,,998667,,,,,,,,,,,,,,,,,,,
"Genentech, Inc.",1,0,2,975839.0,21 CFR 211.113(b),Illinois,Chicago,Drug Quality Assurance,NAI,4.0,15.0,2016.0,34,,564619,,,,,,,,,,,,,,,,,,,
"Genentech, Inc.",1,0,2,730740.0,21 CFR 211.42(c),Florida,Tampa,Bioresearch Monitoring,VAI,6.0,23.0,2011.0,19,,482788,,,,,,,,,,,,,,,,,,,
"Genentech, Inc.",1,0,2,730740.0,21 CFR 211.42(c)(10),Louisiana,Hahnville,Drug Quality Assurance,NAI,6.0,23.0,2011.0,3,,298535,,,,,,,,,,,,,,,,,,,
"Genentech, Inc.",1,0,2,730740.0,21 CFR 211.113(b),California,Brisbane,Bioresearch Monitoring,VAI,6.0,23.0,2011.0,8,,711847,,,,,,,,,,,,,,,,,,,
"Genentech, Inc.",1,0,2,730740.0,21 CFR 211.160(a),Virginia,Falls Church,Bioresearch Monitoring,NAI,6.0,23.0,2011.0,5,,669547,,,,,,,,,,,,,,,,,,,
"Genentech, Inc.",1,0,2,730740.0,21 CFR 211.192,Wisconsin,Madison,Bioresearch Monitoring,VAI,6.0,23.0,2011.0,23,,442838,,,,,,,,,,,,,,,,,,,
"Genentech, Inc.",1,0,2,730740.0,21 CFR 211.192,North Carolina,Rockwell,Drug Quality Assurance,NAI,6.0,23.0,2011.0,7,,198745,,,,,,,,,,,,,,,,,,,
AbbVie Inc.,0,1,5,1058302.0,21 CFR 314.80(c)(1)(i),Colorado,Parker,Drug Quality Assurance,VAI,7.0,2.0,2018.0,13,,174682,,,,,,,,,,,,,,,,,,,
Guardian Pharmacy Services,1,23,0,1049214.0,21 CFR 211.22(d),Texas,Ennis,Drug Quality Assurance,NAI,4.0,20.0,2018.0,24,,155039,,,,,,,,,,,,,,,,,,,
Guardian Pharmacy Services,1,23,0,1049214.0,21 CFR 211.42(c)(10)(iv),California,Oceanside,Bioresearch Monitoring,NAI,4.0,20.0,2018.0,32,,103653,,,,,,,,,,,,,,,,,,,
Guardian Pharmacy Services,1,23,0,1049214.0,21 CFR 211.42(c)(10)(v),Maryland,Baltimore,Bioresearch Monitoring,NAI,4.0,20.0,2018.0,8,,306194,,,,,,,,,,,,,,,,,,,
Guardian Pharmacy Services,1,23,0,1049214.0,21 CFR 211.46(c),Illinois,Oak Brook,Drug Quality Assurance,NAI,4.0,20.0,2018.0,28,,147033,,,,,,,,,,,,,,,,,,,
Guardian Pharmacy Services,1,23,0,1049214.0,21 CFR 211.63,Florida,Brandon,Bioresearch Monitoring,NAI,4.0,20.0,2018.0,28,,802914,,,,,,,,,,,,,,,,,,,
Guardian Pharmacy Services,1,23,0,1049214.0,21 CFR 211.113(b),Illinois,Peoria,Bioresearch Monitoring,NAI,4.0,20.0,2018.0,37,,865481,,,,,,,,,,,,,,,,,,,
Guardian Pharmacy Services,1,23,0,991454.0,21 CFR 211.42(c)(10)(iv),South Carolina,Greenville,Drug Quality Assurance,VAI,10.0,21.0,2016.0,32,,381391,,,,,,,,,,,,,,,,,,,
Mylan Pharmaceuticals Inc.,0,45,16,1047915.0,21 CFR 211.22(d),Texas,Houston,Bioresearch Monitoring,VAI,4.0,12.0,2018.0,37,,172892,,,,,,,,,,,,,,,,,,,
Mylan Pharmaceuticals Inc.,0,45,16,1047915.0,21 CFR 211.67(a),Ohio,Lima,Drug Quality Assurance,NAI,4.0,12.0,2018.0,27,,437220,,,,,,,,,,,,,,,,,,,
Mylan Pharmaceuticals Inc.,0,45,16,1047915.0,21 CFR 211.67(b),Iowa,Spencer,Drug Quality Assurance,NAI,4.0,12.0,2018.0,31,,578732,,,,,,,,,,,,,,,,,,,
Mylan Pharmaceuticals Inc.,0,45,16,1047915.0,21 CFR 211.100(a),Texas,Houston,Bioresearch Monitoring,NAI,4.0,12.0,2018.0,13,,812497,,,,,,,,,,,,,,,,,,,
Mylan Pharmaceuticals Inc.,0,45,16,1047915.0,21 CFR 211.160(b),Pennsylvania,Warrington,Drug Quality Assurance,OAI,4.0,12.0,2018.0,15,,977958,,,,,,,,,,,,,,,,,,,
Mylan Pharmaceuticals Inc.,0,45,16,1047915.0,21 CFR 211.170(b),Florida,Miramar,Drug Quality Assurance,VAI,4.0,12.0,2018.0,20,,639416,,,,,,,,,,,,,,,,,,,
Mylan Pharmaceuticals Inc.,0,45,16,1047915.0,21 CFR 211.192,Ohio,Old Fort,Drug Quality Assurance,VAI,4.0,12.0,2018.0,8,,154591,,,,,,,,,,,,,,,,,,,
Mylan Pharmaceuticals Inc.,0,45,16,1047915.0,21 CFR 211.198(b)(2),California,North Hills,Drug Quality Assurance,OAI,4.0,12.0,2018.0,2,,647543,,,,,,,,,,,,,,,,,,,
Mylan Pharmaceuticals Inc.,0,45,16,994523.0,21 CFR 211.160(b),Florida,Miami,Bioresearch Monitoring,VAI,11.0,18.0,2016.0,2,,140702,,,,,,,,,,,,,,,,,,,
Mylan Pharmaceuticals Inc.,0,45,16,994523.0,21 CFR 211.165(e),Wisconsin,La Crosse,Bioresearch Monitoring,NAI,11.0,18.0,2016.0,14,,398980,,,,,,,,,,,,,,,,,,,
Mylan Pharmaceuticals Inc.,0,45,16,933105.0,21 CFR 211.100(a),California,Newport Beach,Drug Quality Assurance,OAI,4.0,24.0,2015.0,22,,624266,,,,,,,,,,,,,,,,,,,
Mylan Pharmaceuticals Inc.,0,45,16,871040.0,21 CFR 211.166(a),Florida,Tallahassee,Drug Quality Assurance,VAI,3.0,21.0,2014.0,36,,912712,,,,,,,,,,,,,,,,,,,
Mylan Pharmaceuticals Inc.,0,45,16,871040.0,21 CFR 211.194(e),Colorado,Denver,Drug Quality Assurance,VAI,3.0,21.0,2014.0,3,,797448,,,,,,,,,,,,,,,,,,,
Mylan Pharmaceuticals Inc.,0,45,16,767603.0,21 CFR 211.22(d),Pennsylvania,Mechanicsburg,Drug Quality Assurance,NAI,2.0,2.0,2012.0,35,,105647,,,,,,,,,,,,,,,,,,,
Mylan Pharmaceuticals Inc.,0,45,16,767603.0,21 CFR 211.42(c),New Jersey,Ridgefield,Drug Quality Assurance,VAI,2.0,2.0,2012.0,10,,723230,,,,,,,,,,,,,,,,,,,
Mylan Pharmaceuticals Inc.,0,45,16,767603.0,21 CFR 211.42(c)(5),Illinois,Libertyville,Drug Quality Assurance,NAI,2.0,2.0,2012.0,34,,250563,,,,,,,,,,,,,,,,,,,
RemedyRepack Inc.,0,20,2,1046205.0,21 CFR 211.103,Ohio,Cincinnati,Bioresearch Monitoring,VAI,3.0,30.0,2018.0,3,,462934,,,,,,,,,,,,,,,,,,,
RemedyRepack Inc.,0,20,2,1046205.0,21 CFR 211.170(b)(1),Pennsylvania,Exton,Bioresearch Monitoring,NAI,3.0,30.0,2018.0,22,,691258,,,,,,,,,,,,,,,,,,,
RemedyRepack Inc.,0,20,2,953897.0,21 CFR 211.68(b),Connecticut,Hamden,Bioresearch Monitoring,OAI,11.0,23.0,2015.0,22,,826547,,,,,,,,,,,,,,,,,,,
RemedyRepack Inc.,0,20,2,953897.0,21 CFR 211.111,Texas,Dallas,Drug Quality Assurance,OAI,11.0,23.0,2015.0,39,,749354,,,,,,,,,,,,,,,,,,,
RemedyRepack Inc.,0,20,2,953897.0,21 CFR 211.130,New York,New York,Bioresearch Monitoring,NAI,11.0,23.0,2015.0,22,,431987,,,,,,,,,,,,,,,,,,,
RemedyRepack Inc.,0,20,2,953897.0,21 CFR 211.170(b)(1),New York,New York,Bioresearch Monitoring,NAI,11.0,23.0,2015.0,36,,621440,,,,,,,,,,,,,,,,,,,
RemedyRepack Inc.,0,20,2,953897.0,21 CFR 211.186(a),New Jersey,Berkeley Heights,Postmarket Surv. and Epidemiology,VAI,11.0,23.0,2015.0,17,,801084,,,,,,,,,,,,,,,,,,,
RemedyRepack Inc.,0,20,2,953897.0,21 CFR 211.192,Indiana,Lafayette,Drug Quality Assurance,NAI,11.0,23.0,2015.0,27,,496203,,,,,,,,,,,,,,,,,,,
RemedyRepack Inc.,0,20,2,953897.0,21 CFR 211.198(a),Indiana,Indianapolis,Drug Quality Assurance,NAI,11.0,23.0,2015.0,9,,151930,,,,,,,,,,,,,,,,,,,
Cantrell Drug Company,7,45,0,1045988.0,21 CFR 211.84(d)(2),Ohio,Columbus,Bioresearch Monitoring,VAI,3.0,22.0,2018.0,10,,736806,,,,,,,,,,,,,,,,,,,
Cantrell Drug Company,7,45,0,1045988.0,21 CFR 211.113(b),Georgia,Conyers,Drug Quality Assurance,OAI,3.0,22.0,2018.0,29,,217948,,,,,,,,,,,,,,,,,,,
Cantrell Drug Company,7,45,0,1045988.0,21 CFR 211.192,Colorado,Denver,Bioresearch Monitoring,NAI,3.0,22.0,2018.0,10,,169013,,,,,,,,,,,,,,,,,,,
Cantrell Drug Company,7,45,0,1045988.0,21 CFR 211.198(a),North Carolina,Durham,Bioresearch Monitoring,NAI,3.0,22.0,2018.0,29,,973795,,,,,,,,,,,,,,,,,,,
Cantrell Drug Company,7,45,0,1016395.0,21 CFR 211.22(a),Texas,Dallas,Drug Quality Assurance,NAI,6.0,29.0,2017.0,34,,609299,,,,,,,,,,,,,,,,,,,
Cantrell Drug Company,7,45,0,1016395.0,21 CFR 211.22(d),Texas,Houston,Bioresearch Monitoring,NAI,6.0,29.0,2017.0,29,,205299,,,,,,,,,,,,,,,,,,,
Cantrell Drug Company,7,45,0,1016395.0,21 CFR 211.113(b),Texas,Houston,Bioresearch Monitoring,NAI,6.0,29.0,2017.0,12,,662907,,,,,,,,,,,,,,,,,,,
Cantrell Drug Company,7,45,0,1016395.0,21 CFR 211.192,Pennsylvania,Sharon Hill,Drug Quality Assurance,NAI,6.0,29.0,2017.0,19,,944303,,,,,,,,,,,,,,,,,,,
Cantrell Drug Company,7,45,0,990072.0,21 CFR 211.42(b),South Carolina,Greenville,Drug Quality Assurance,NAI,10.0,14.0,2016.0,11,,208738,,,,,,,,,,,,,,,,,,,
Cantrell Drug Company,7,45,0,990072.0,21 CFR 211.42(c)(10),Illinois,Harvey,Bioresearch Monitoring,NAI,10.0,14.0,2016.0,40,,771774,,,,,,,,,,,,,,,,,,,
Cantrell Drug Company,7,45,0,990072.0,21 CFR 211.42(c)(10)(iii),Tennessee,Memphis,Drug Quality Assurance,NAI,10.0,14.0,2016.0,4,,918641,,,,,,,,,,,,,,,,,,,
Cantrell Drug Company,7,45,0,990072.0,21 CFR 211.42(c)(10)(iv),California,La Jolla,Bioresearch Monitoring,OAI,10.0,14.0,2016.0,5,,456640,,,,,,,,,,,,,,,,,,,
Cantrell Drug Company,7,45,0,990072.0,21 CFR 211.42(c)(10)(v),Pennsylvania,Folcroft,Drug Quality Assurance,OAI,10.0,14.0,2016.0,11,,288437,,,,,,,,,,,,,,,,,,,
Cantrell Drug Company,7,45,0,990072.0,21 CFR 211.113(b),Oregon,Harrisburg,Unapproved and Misbranded Drugs,VAI,10.0,14.0,2016.0,32,,526584,,,,,,,,,,,,,,,,,,,
Cantrell Drug Company,7,45,0,990072.0,21 CFR 211.165(a),California,Irvine,Drug Quality Assurance,VAI,10.0,14.0,2016.0,10,,787622,,,,,,,,,,,,,,,,,,,
Cantrell Drug Company,7,45,0,990072.0,21 CFR 211.167(a),Puerto Rico,Barceloneta,Drug Quality Assurance,VAI,10.0,14.0,2016.0,11,,238621,,,,,,,,,,,,,,,,,,,
Cantrell Drug Company,7,45,0,990072.0,FDCA 503B(a)(10),New York,Brooklyn,Bioresearch Monitoring,NAI,10.0,14.0,2016.0,39,,321862,,,,,,,,,,,,,,,,,,,
Cantrell Drug Company,7,45,0,853222.0,21 CFR 211.25(a),Florida,North Miami,Bioresearch Monitoring,NAI,11.0,4.0,2013.0,13,,649372,,,,,,,,,,,,,,,,,,,
Cantrell Drug Company,7,45,0,853222.0,21 CFR 211.84(d)(1),North Carolina,Greenville,Drug Quality Assurance,NAI,11.0,4.0,2013.0,23,,995986,,,,,,,,,,,,,,,,,,,
Cantrell Drug Company,7,45,0,853222.0,21 CFR 211.87,Connecticut,Manchester,Bioresearch Monitoring,VAI,11.0,4.0,2013.0,11,,758423,,,,,,,,,,,,,,,,,,,
Cantrell Drug Company,7,45,0,853222.0,21 CFR 211.94(c),Oklahoma,Enid,Drug Quality Assurance,VAI,11.0,4.0,2013.0,7,,980224,,,,,,,,,,,,,,,,,,,
Cantrell Drug Company,7,45,0,853222.0,21 CFR 211.113(b),Puerto Rico,Arecibo,Drug Quality Assurance,VAI,11.0,4.0,2013.0,7,,846580,,,,,,,,,,,,,,,,,,,
Cantrell Drug Company,7,45,0,853222.0,21 CFR 211.160(b),California,Fountain Valley,Drug Quality Assurance,NAI,11.0,4.0,2013.0,15,,469832,,,,,,,,,,,,,,,,,,,
"Lannett Company, Inc.",0,1,0,1043109.0,21 CFR 211.68(a),Pennsylvania,Hershey,Bioresearch Monitoring,NAI,2.0,28.0,2018.0,30,,318895,,,,,,,,,,,,,,,,,,,
"Lannett Company, Inc.",0,1,0,860977.0,21 CFR 211.100(a),Nebraska,Kearney,Bioresearch Monitoring,NAI,12.0,23.0,2013.0,32,,928876,,,,,,,,,,,,,,,,,,,
"Lannett Company, Inc.",0,1,0,860977.0,21 CFR 211.110(a),Minnesota,Elk River,Bioresearch Monitoring,NAI,12.0,23.0,2013.0,33,,787634,,,,,,,,,,,,,,,,,,,
"Lannett Company, Inc.",0,1,0,860977.0,21 CFR 211.142(b),New York,Carmel,Drug Quality Assurance,VAI,12.0,23.0,2013.0,3,,382074,,,,,,,,,,,,,,,,,,,
"Lannett Company, Inc.",0,1,0,844132.0,21 CFR 211.22(d),Florida,Winter Springs,Unapproved and Misbranded Drugs,OAI,8.0,6.0,2013.0,23,,298773,,,,,,,,,,,,,,,,,,,
"Lannett Company, Inc.",0,1,0,844132.0,21 CFR 211.46(b),New York,Ronkonkoma,Unapproved and Misbranded Drugs,VAI,8.0,6.0,2013.0,13,,377152,,,,,,,,,,,,,,,,,,,
"Lannett Company, Inc.",0,1,0,844132.0,21 CFR 211.63,Texas,San Antonio,Bioresearch Monitoring,NAI,8.0,6.0,2013.0,15,,146027,,,,,,,,,,,,,,,,,,,
"Lannett Company, Inc.",0,1,0,844132.0,21 CFR 211.110(a),Kentucky,Lexington,Bioresearch Monitoring,VAI,8.0,6.0,2013.0,24,,567095,,,,,,,,,,,,,,,,,,,
"Lannett Company, Inc.",0,1,0,844132.0,21 CFR 211.110(b),Florida,Deland,Bioresearch Monitoring,NAI,8.0,6.0,2013.0,18,,238420,,,,,,,,,,,,,,,,,,,
"Lannett Company, Inc.",0,1,0,823212.0,21 CFR 211.113(a),California,Irvine,Drug Quality Assurance,NAI,3.0,25.0,2013.0,26,,349438,,,,,,,,,,,,,,,,,,,
"Lannett Company, Inc.",0,1,0,803870.0,21 CFR 314.80(c)(1)(i),Florida,Coral Gables,Bioresearch Monitoring,VAI,8.0,17.0,2012.0,35,,913956,,,,,,,,,,,,,,,,,,,
"Lannett Company, Inc.",0,1,0,803870.0,21 CFR 314.80(c)(1)(iii),Michigan,Detroit,Postmarket Surv. and Epidemiology,NAI,8.0,17.0,2012.0,34,,305939,,,,,,,,,,,,,,,,,,,
"Lannett Company, Inc.",0,1,0,714961.0,21 CFR 211.67(b),New Hampshire,Bedford,Drug Quality Assurance,VAI,3.0,21.0,2011.0,21,,237803,,,,,,,,,,,,,,,,,,,
"Lannett Company, Inc.",0,1,0,714961.0,21 CFR 211.111,Florida,Miami,Bioresearch Monitoring,VAI,3.0,21.0,2011.0,36,,388764,,,,,,,,,,,,,,,,,,,
"Lannett Company, Inc.",0,1,0,714961.0,21 CFR 211.192,Illinois,Chicago,Drug Quality Assurance,VAI,3.0,21.0,2011.0,20,,382747,,,,,,,,,,,,,,,,,,,
Aidarex Pharmaceuticals LLC,0,2,8,1029306.0,21 CFR 211.166(a),New Jersey,Branchburg,Drug Quality Assurance,NAI,10.0,20.0,2017.0,16,,716325,,,,,,,,,,,,,,,,,,,
Aidarex Pharmaceuticals LLC,0,2,8,771045.0,21 CFR 211.42(c)(5),Georgia,Alpharetta,Drug Quality Assurance,NAI,2.0,22.0,2012.0,24,,609114,,,,,,,,,,,,,,,,,,,
Aidarex Pharmaceuticals LLC,0,2,8,771045.0,21 CFR 211.46(b),Pennsylvania,Allentown,Drug Quality Assurance,OAI,2.0,22.0,2012.0,8,,314933,,,,,,,,,,,,,,,,,,,
Aidarex Pharmaceuticals LLC,0,2,8,771045.0,21 CFR 211.63,Texas,Sugar Land,Drug Quality Assurance,NAI,2.0,22.0,2012.0,24,,842657,,,,,,,,,,,,,,,,,,,
Aidarex Pharmaceuticals LLC,0,2,8,771045.0,21 CFR 211.176,Indiana,Indianapolis,Bioresearch Monitoring,OAI,2.0,22.0,2012.0,24,,580444,,,,,,,,,,,,,,,,,,,
Cardinal Health,0,0,1,1016636.0,21 CFR 211.67(b),Indiana,Bloomington,Drug Quality Assurance,VAI,6.0,29.0,2017.0,12,,497725,,,,,,,,,,,,,,,,,,,
Cardinal Health,0,0,1,1016636.0,21 CFR 211.188(a),Illinois,Deerfield,Postmarket Surv. and Epidemiology,VAI,6.0,29.0,2017.0,25,,200786,,,,,,,,,,,,,,,,,,,
Cardinal Health,0,0,1,855209.0,21 CFR 212.50(c)(10),Texas,Rosenberg,Drug Quality Assurance,VAI,11.0,14.0,2013.0,36,,338451,,,,,,,,,,,,,,,,,,,
Cardinal Health,0,0,1,809535.0,21 CFR 211.22(d),Michigan,Warren,Drug Quality Assurance,VAI,11.0,26.0,2012.0,10,,459787,,,,,,,,,,,,,,,,,,,
Apotex Inc.,2,20,11,1014399.0,21 CFR 211.67(b)(2),Minnesota,Saint Paul,Drug Quality Assurance,NAI,6.0,14.0,2017.0,14,,681418,,,,,,,,,,,,,,,,,,,
Apotex Inc.,2,20,11,1014399.0,21 CFR 211.68(b),California,Irvine,Drug Quality Assurance,VAI,6.0,14.0,2017.0,24,,376981,,,,,,,,,,,,,,,,,,,
Apotex Inc.,2,20,11,927965.0,21 CFR 314.80(c)(1)(i),Wisconsin,Verona,Drug Quality Assurance,VAI,5.0,11.0,2015.0,16,,629487,,,,,,,,,,,,,,,,,,,
Apotex Inc.,2,20,11,927965.0,21 CFR 314.80(c)(2),New Jersey,Lakewood,Drug Quality Assurance,NAI,5.0,11.0,2015.0,22,,170344,,,,,,,,,,,,,,,,,,,
Apotex Inc.,2,20,11,852610.0,21 CFR 211.22(d),South Carolina,Columbia,Drug Quality Assurance,NAI,8.0,20.0,2013.0,21,,865161,,,,,,,,,,,,,,,,,,,
Apotex Inc.,2,20,11,852610.0,21 CFR 211.46(b),Missouri,Saint Peters,Drug Quality Assurance,NAI,8.0,20.0,2013.0,18,,585949,,,,,,,,,,,,,,,,,,,
Apotex Inc.,2,20,11,852610.0,21 CFR 211.100(b),California,Commerce,Drug Quality Assurance,VAI,8.0,20.0,2013.0,13,,981538,,,,,,,,,,,,,,,,,,,
Apotex Inc.,2,20,11,852610.0,21 CFR 211.113(b),West Virginia,Morgantown,Drug Quality Assurance,NAI,8.0,20.0,2013.0,21,,555148,,,,,,,,,,,,,,,,,,,
Apotex Inc.,2,20,11,852610.0,21 CFR 211.192,Maryland,Bethesda,Bioresearch Monitoring,NAI,8.0,20.0,2013.0,37,,198168,,,,,,,,,,,,,,,,,,,
Apotex Inc.,2,20,11,799252.0,21 CFR 211.22(d),Michigan,Livonia,Drug Quality Assurance,NAI,8.0,24.0,2012.0,31,,875828,,,,,,,,,,,,,,,,,,,
Apotex Inc.,2,20,11,799252.0,21 CFR 211.25(a),Puerto Rico,Juncos,Drug Quality Assurance,VAI,8.0,24.0,2012.0,2,,994312,,,,,,,,,,,,,,,,,,,
Apotex Inc.,2,20,11,799252.0,21 CFR 211.56(a),Indiana,Indianapolis,Postmarket Surv. and Epidemiology,NAI,8.0,24.0,2012.0,40,,489027,,,,,,,,,,,,,,,,,,,
Apotex Inc.,2,20,11,799252.0,21 CFR 211.80(d),Oregon,Eugene,Bioresearch Monitoring,VAI,8.0,24.0,2012.0,36,,768263,,,,,,,,,,,,,,,,,,,
Apotex Inc.,2,20,11,799252.0,21 CFR 211.103,New Jersey,Florham Park,Postmarket Surv. and Epidemiology,NAI,8.0,24.0,2012.0,17,,257327,,,,,,,,,,,,,,,,,,,
Apotex Inc.,2,20,11,799252.0,21 CFR 211.125(d),Indiana,Indianapolis,Bioresearch Monitoring,OAI,8.0,24.0,2012.0,38,,371444,,,,,,,,,,,,,,,,,,,
"TG United, Inc.",0,44,0,998830.0,21 CFR 211.22(a),Utah,Sandy,Drug Quality Assurance,NAI,1.0,25.0,2017.0,5,,679504,,,,,,,,,,,,,,,,,,,
"TG United, Inc.",0,44,0,998830.0,21 CFR 211.63,Florida,Dania,Drug Quality Assurance,VAI,1.0,25.0,2017.0,28,,932665,,,,,,,,,,,,,,,,,,,
"TG United, Inc.",0,44,0,998830.0,21 CFR 211.84(d)(1),California,Rancho Cordova,Drug Quality Assurance,VAI,1.0,25.0,2017.0,8,,210582,,,,,,,,,,,,,,,,,,,
"TG United, Inc.",0,44,0,998830.0,21 CFR 211.84(d)(2),Missouri,North Kansas City,Drug Quality Assurance,NAI,1.0,25.0,2017.0,38,,748678,,,,,,,,,,,,,,,,,,,
"TG United, Inc.",0,44,0,998830.0,21 CFR 211.100(a),Missouri,Kansas City,Drug Quality Assurance,NAI,1.0,25.0,2017.0,30,,715151,,,,,,,,,,,,,,,,,,,
"TG United, Inc.",0,44,0,998830.0,21 CFR 211.160(b),Connecticut,Milford,Drug Quality Assurance,NAI,1.0,25.0,2017.0,8,,981729,,,,,,,,,,,,,,,,,,,
"TG United, Inc.",0,44,0,998830.0,21 CFR 211.165(b),Ohio,Saint Louisville,Unapproved and Misbranded Drugs,NAI,1.0,25.0,2017.0,37,,520544,,,,,,,,,,,,,,,,,,,
"TG United, Inc.",0,44,0,998830.0,21 CFR 211.166(b),California,Palo Alto,Bioresearch Monitoring,NAI,1.0,25.0,2017.0,24,,961136,,,,,,,,,,,,,,,,,,,
"TG United, Inc.",0,44,0,998830.0,21 CFR 211.198(a),California,Novato,Bioresearch Monitoring,NAI,1.0,25.0,2017.0,15,,789607,,,,,,,,,,,,,,,,,,,
"TG United, Inc.",0,44,0,874864.0,21 CFR 211.100(b),California,Irvine,Bioresearch Monitoring,VAI,4.0,1.0,2014.0,3,,605209,,,,,,,,,,,,,,,,,,,
"TG United, Inc.",0,44,0,874864.0,21 CFR 211.166(b),New Jersey,Pennsauken,Drug Quality Assurance,NAI,4.0,1.0,2014.0,27,,740630,,,,,,,,,,,,,,,,,,,
"TG United, Inc.",0,44,0,874864.0,21 CFR 211.192,Texas,Austin,Bioresearch Monitoring,NAI,4.0,1.0,2014.0,40,,289532,,,,,,,,,,,,,,,,,,,
"TG United, Inc.",0,44,0,874864.0,21 CFR 211.198(a),New York,Patchogue,Drug Quality Assurance,NAI,4.0,1.0,2014.0,5,,520369,,,,,,,,,,,,,,,,,,,
"TG United, Inc.",0,44,0,874864.0,21 CFR 211.204,Maryland,Chevy Chase,Bioresearch Monitoring,NAI,4.0,1.0,2014.0,28,,765785,,,,,,,,,,,,,,,,,,,
"TG United, Inc.",0,44,0,874866.0,21 CFR 211.63,Illinois,Round Lake,Drug Quality Assurance,NAI,4.0,1.0,2014.0,36,,953530,,,,,,,,,,,,,,,,,,,
"TG United, Inc.",0,44,0,874866.0,21 CFR 211.166(b),Puerto Rico,Canovanas,Drug Quality Assurance,VAI,4.0,1.0,2014.0,3,,237003,,,,,,,,,,,,,,,,,,,
"TG United, Inc.",0,44,0,874866.0,21 CFR 211.198(a),Michigan,Kalamazoo,Bioresearch Monitoring,NAI,4.0,1.0,2014.0,5,,818438,,,,,,,,,,,,,,,,,,,
"TG United, Inc.",0,44,0,874866.0,21 CFR 211.204,Texas,Houston,Bioresearch Monitoring,NAI,4.0,1.0,2014.0,21,,374068,,,,,,,,,,,,,,,,,,,
"TG United, Inc.",0,44,0,874869.0,21 CFR 211.166(b),Pennsylvania,Bethlehem,Drug Quality Assurance,VAI,4.0,1.0,2014.0,13,,813182,,,,,,,,,,,,,,,,,,,
"TG United, Inc.",0,44,0,874869.0,21 CFR 211.192,Texas,Houston,Bioresearch Monitoring,NAI,4.0,1.0,2014.0,13,,493680,,,,,,,,,,,,,,,,,,,
"TG United, Inc.",0,44,0,774592.0,21 CFR 211.100(a),Florida,Miami,Bioresearch Monitoring,OAI,3.0,30.0,2012.0,22,,207756,,,,,,,,,,,,,,,,,,,
"TG United, Inc.",0,44,0,774592.0,21 CFR 211.180(e)(2),Ohio,Akron,Drug Quality Assurance,NAI,3.0,30.0,2012.0,25,,513755,,,,,,,,,,,,,,,,,,,
"TG United, Inc.",0,44,0,775379.0,21 CFR 211.100(a),Missouri,Saint Peters,Drug Quality Assurance,NAI,3.0,30.0,2012.0,21,,399317,,,,,,,,,,,,,,,,,,,
"TG United, Inc.",0,44,0,775379.0,21 CFR 211.166(b),Missouri,Saint Louis,Drug Quality Assurance,VAI,3.0,30.0,2012.0,24,,368758,,,,,,,,,,,,,,,,,,,
"TG United, Inc.",0,44,0,775379.0,21 CFR 211.180(e)(2),Virginia,Alexandria,Drug Quality Assurance,OAI,3.0,30.0,2012.0,2,,770975,,,,,,,,,,,,,,,,,,,
"TG United, Inc.",0,44,0,775379.0,21 CFR 211.192,New Jersey,Princeton,Postmarket Surv. and Epidemiology,NAI,3.0,30.0,2012.0,16,,458482,,,,,,,,,,,,,,,,,,,
"TG United, Inc.",0,44,0,775386.0,21 CFR 211.160(b)(4),Minnesota,Cambridge,Drug Quality Assurance,VAI,3.0,30.0,2012.0,33,,297872,,,,,,,,,,,,,,,,,,,
"TG United, Inc.",0,44,0,775386.0,21 CFR 211.165(a),California,San Dimas,Drug Quality Assurance,NAI,3.0,30.0,2012.0,18,,610371,,,,,,,,,,,,,,,,,,,
"TG United, Inc.",0,44,0,775386.0,21 CFR 211.166(b),Ohio,Solon,Drug Quality Assurance,NAI,3.0,30.0,2012.0,33,,250116,,,,,,,,,,,,,,,,,,,
"TG United, Inc.",0,44,0,775386.0,21 CFR 211.192,Florida,Orlando,Drug Quality Assurance,NAI,3.0,30.0,2012.0,25,,111547,,,,,,,,,,,,,,,,,,,
"TG United, Inc.",0,44,0,775386.0,21 CFR 211.194(b),Kentucky,Florence,Drug Quality Assurance,NAI,3.0,30.0,2012.0,24,,260876,,,,,,,,,,,,,,,,,,,
"TG United, Inc.",0,44,0,702473.0,21 CFR 211.160(b),New Jersey,Piscataway,Drug Quality Assurance,NAI,11.0,24.0,2010.0,38,,167313,,,,,,,,,,,,,,,,,,,
"TG United, Inc.",0,44,0,702473.0,21 CFR 211.160(b)(4),New York,Suffern,Drug Quality Assurance,VAI,11.0,24.0,2010.0,13,,876294,,,,,,,,,,,,,,,,,,,
"TG United, Inc.",0,44,0,702473.0,21 CFR 211.166(b),North Carolina,Kings Mountain,Drug Quality Assurance,NAI,11.0,24.0,2010.0,5,,402851,,,,,,,,,,,,,,,,,,,
"TG United, Inc.",0,44,0,702476.0,21 CFR 211.160(b),New Jersey,Totowa,Drug Quality Assurance,VAI,11.0,24.0,2010.0,19,,702629,,,,,,,,,,,,,,,,,,,
"TG United, Inc.",0,44,0,702476.0,21 CFR 211.160(b)(4),New Jersey,Totowa,Drug Quality Assurance,VAI,11.0,24.0,2010.0,37,,541441,,,,,,,,,,,,,,,,,,,
"TG United, Inc.",0,44,0,702476.0,21 CFR 211.166(b),North Carolina,Asheville,Drug Quality Assurance,VAI,11.0,24.0,2010.0,2,,603361,,,,,,,,,,,,,,,,,,,
"TG United, Inc.",0,44,0,702476.0,21 CFR 211.180(e)(2),New Jersey,Parsippany,Bioresearch Monitoring,VAI,11.0,24.0,2010.0,14,,890743,,,,,,,,,,,,,,,,,,,
"TG United, Inc.",0,44,0,702476.0,21 CFR 211.182,Wisconsin,Madison,Drug Quality Assurance,NAI,11.0,24.0,2010.0,38,,591116,,,,,,,,,,,,,,,,,,,
"TG United, Inc.",0,44,0,702476.0,21 CFR 211.192,Minnesota,Minneapolis,Bioresearch Monitoring,VAI,11.0,24.0,2010.0,2,,303333,,,,,,,,,,,,,,,,,,,
"TG United, Inc.",0,44,0,702476.0,21 CFR 211.192,Illinois,North Chicago,Drug Quality Assurance,NAI,11.0,24.0,2010.0,5,,999587,,,,,,,,,,,,,,,,,,,
"TG United, Inc.",0,44,0,702487.0,21 CFR 211.100(a),California,Northridge,Bioresearch Monitoring,NAI,11.0,24.0,2010.0,6,,567735,,,,,,,,,,,,,,,,,,,
"TG United, Inc.",0,44,0,702487.0,21 CFR 211.160(b),Puerto Rico,Manati,Drug Quality Assurance,VAI,11.0,24.0,2010.0,4,,833398,,,,,,,,,,,,,,,,,,,
"TG United, Inc.",0,44,0,702487.0,21 CFR 211.160(b)(4),Puerto Rico,Manati,Postmarket Surv. and Epidemiology,VAI,11.0,24.0,2010.0,15,,953355,,,,,,,,,,,,,,,,,,,
"TG United, Inc.",0,44,0,702487.0,21 CFR 211.166(b),New Jersey,Raritan,Bioresearch Monitoring,VAI,11.0,24.0,2010.0,36,,784588,,,,,,,,,,,,,,,,,,,
"TG United, Inc.",0,44,0,702487.0,21 CFR 211.180(e)(2),Mississippi,Meridian,Bioresearch Monitoring,OAI,11.0,24.0,2010.0,10,,182359,,,,,,,,,,,,,,,,,,,
"TG United, Inc.",0,44,0,702487.0,21 CFR 211.192,New York,Cooperstown,Bioresearch Monitoring,NAI,11.0,24.0,2010.0,14,,732289,,,,,,,,,,,,,,,,,,,
"VistaPharm, Inc.",0,22,5,995279.0,21 CFR 211.194(a)(2),Florida,Lakeland,Bioresearch Monitoring,NAI,12.0,13.0,2016.0,33,,550813,,,,,,,,,,,,,,,,,,,
"VistaPharm, Inc.",0,22,5,928826.0,21 CFR 211.100(a),Minnesota,Minneapolis,Bioresearch Monitoring,NAI,5.0,28.0,2015.0,8,,642872,,,,,,,,,,,,,,,,,,,
"VistaPharm, Inc.",0,22,5,928826.0,21 CFR 211.100(a),New Jersey,Paterson,Drug Quality Assurance,VAI,5.0,28.0,2015.0,16,,728914,,,,,,,,,,,,,,,,,,,
"VistaPharm, Inc.",0,22,5,928826.0,21 CFR 211.166(b),Washington,Richland,Bioresearch Monitoring,VAI,5.0,28.0,2015.0,5,,717530,,,,,,,,,,,,,,,,,,,
"VistaPharm, Inc.",0,22,5,928826.0,21 CFR 211.186(b)(9),Ohio,Cadiz,Bioresearch Monitoring,VAI,5.0,28.0,2015.0,12,,678359,,,,,,,,,,,,,,,,,,,
"VistaPharm, Inc.",0,22,5,928826.0,21 CFR 211.192,Florida,SARASOTA,Drug Quality Assurance,NAI,5.0,28.0,2015.0,19,,890976,,,,,,,,,,,,,,,,,,,
"VistaPharm, Inc.",0,22,5,928826.0,21 CFR 211.198(a),New Jersey,Raritan,Drug Quality Assurance,NAI,5.0,28.0,2015.0,12,,530521,,,,,,,,,,,,,,,,,,,
"VistaPharm, Inc.",0,22,5,928826.0,21 CFR 314.81(b)(1)(ii),Delaware,Wilmington,Drug Quality Assurance,NAI,5.0,28.0,2015.0,30,,468394,,,,,,,,,,,,,,,,,,,
"VistaPharm, Inc.",0,22,5,787924.0,21 CFR 211.68(a),Texas,Brenham,Drug Quality Assurance,NAI,6.0,15.0,2012.0,22,,966689,,,,,,,,,,,,,,,,,,,
"VistaPharm, Inc.",0,22,5,787924.0,21 CFR 211.188(b)(12),Pennsylvania,Mechanicsburg,Drug Quality Assurance,NAI,6.0,15.0,2012.0,20,,191706,,,,,,,,,,,,,,,,,,,
"VistaPharm, Inc.",0,22,5,788106.0,21 CFR 211.80(a),Ohio,Bryan,Drug Quality Assurance,VAI,6.0,15.0,2012.0,7,,591431,,,,,,,,,,,,,,,,,,,
"VistaPharm, Inc.",0,22,5,788106.0,21 CFR 211.100(b),New Jersey,North Bergen,Drug Quality Assurance,NAI,6.0,15.0,2012.0,13,,225100,,,,,,,,,,,,,,,,,,,
"VistaPharm, Inc.",0,22,5,788106.0,21 CFR 211.142,Idaho,Idaho Falls,Drug Quality Assurance,VAI,6.0,15.0,2012.0,33,,985677,,,,,,,,,,,,,,,,,,,
Sage Products Inc,0,65,1,988291.0,21 CFR 211.80(a),South Carolina,Florence,Drug Quality Assurance,NAI,9.0,1.0,2016.0,10,,710185,,,,,,,,,,,,,,,,,,,
Sage Products Inc,0,65,1,988291.0,21 CFR 211.84(d)(2),Florida,Indian Harbour Beach,Drug Quality Assurance,VAI,9.0,1.0,2016.0,22,,839518,,,,,,,,,,,,,,,,,,,
Sage Products Inc,0,65,1,863693.0,21 CFR 211.192,California,Laguna Hills,Bioresearch Monitoring,VAI,1.0,15.0,2014.0,9,,698289,,,,,,,,,,,,,,,,,,,
Sage Products Inc,0,65,1,753908.0,21 CFR 211.192,North Carolina,Marion,Drug Quality Assurance,NAI,11.0,9.0,2011.0,10,,992327,,,,,,,,,,,,,,,,,,,
"KRS Global Biotechnology, Inc",0,49,0,986013.0,21 CFR 211.28(a),Illinois,Elgin,Drug Quality Assurance,VAI,8.0,31.0,2016.0,14,,446240,,,,,,,,,,,,,,,,,,,
"KRS Global Biotechnology, Inc",0,49,0,986013.0,21 CFR 211.42(c)(10)(iii),Texas,Mesquite,Drug Quality Assurance,VAI,8.0,31.0,2016.0,8,,647271,,,,,,,,,,,,,,,,,,,
"KRS Global Biotechnology, Inc",0,49,0,986013.0,21 CFR 211.42(c)(10)(v),Georgia,Kennesaw,Drug Quality Assurance,NAI,8.0,31.0,2016.0,9,,766348,,,,,,,,,,,,,,,,,,,
"KRS Global Biotechnology, Inc",0,49,0,870308.0,21 CFR 211.28(a),Texas,Fort Worth,Unapproved and Misbranded Drugs,NAI,3.0,17.0,2014.0,9,,414707,,,,,,,,,,,,,,,,,,,
"KRS Global Biotechnology, Inc",0,49,0,870308.0,21 CFR 211.42(c)(10)(iii),California,Vacaville,Bioresearch Monitoring,VAI,3.0,17.0,2014.0,8,,977833,,,,,,,,,,,,,,,,,,,
"Akorn, Inc.",0,18,15,975869.0,21 CFR 211.22(d),California,Northridge,Bioresearch Monitoring,NAI,6.0,10.0,2016.0,21,,320666,,,,,,,,,,,,,,,,,,,
"Akorn, Inc.",0,18,15,975869.0,21 CFR 211.100(b),Massachusetts,Maynard,Postmarket Surv. and Epidemiology,VAI,6.0,10.0,2016.0,2,,228607,,,,,,,,,,,,,,,,,,,
"Akorn, Inc.",0,18,15,975869.0,21 CFR 211.110(a),New York,Farmingdale,Drug Quality Assurance,VAI,6.0,10.0,2016.0,39,,608630,,,,,,,,,,,,,,,,,,,
"Akorn, Inc.",0,18,15,975869.0,21 CFR 211.192,New Jersey,Fairfield,Drug Quality Assurance,VAI,6.0,10.0,2016.0,9,,904826,,,,,,,,,,,,,,,,,,,
"Akorn, Inc.",0,18,15,975869.0,21 CFR 211.194(a)(2),Wisconsin,Prescott,Drug Quality Assurance,VAI,6.0,10.0,2016.0,23,,421557,,,,,,,,,,,,,,,,,,,
"Akorn, Inc.",0,18,15,828005.0,21 CFR 211.100(a),Texas,Dallas,Drug Quality Assurance,VAI,5.0,3.0,2013.0,12,,975950,,,,,,,,,,,,,,,,,,,
"Akorn, Inc.",0,18,15,828005.0,21 CFR 211.160(a),Rhode Island,Providence,Drug Quality Assurance,VAI,5.0,3.0,2013.0,29,,233934,,,,,,,,,,,,,,,,,,,
"Akorn, Inc.",0,18,15,828005.0,21 CFR 211.180(e),California,Rancho Cucamonga,Unapproved and Misbranded Drugs,VAI,5.0,3.0,2013.0,18,,615913,,,,,,,,,,,,,,,,,,,
"Akorn, Inc.",0,18,15,828005.0,21 CFR 211.188,New York,Rochester,Bioresearch Monitoring,NAI,5.0,3.0,2013.0,2,,639682,,,,,,,,,,,,,,,,,,,
"Akorn, Inc.",0,18,15,828005.0,21 CFR 211.192,Colorado,Denver,Postmarket Surv. and Epidemiology,NAI,5.0,3.0,2013.0,23,,245940,,,,,,,,,,,,,,,,,,,
"Akorn, Inc.",0,18,15,806029.0,21 CFR 211.22(d),New Jersey,Sparta,Drug Quality Assurance,NAI,10.0,26.0,2012.0,23,,405605,,,,,,,,,,,,,,,,,,,
"Akorn, Inc.",0,18,15,806029.0,21 CFR 211.188,New York,Holtsville,Drug Quality Assurance,VAI,10.0,26.0,2012.0,31,,290275,,,,,,,,,,,,,,,,,,,
"Akorn, Inc.",0,18,15,786253.0,21 CFR 211.25(a),New York,Melville,Drug Quality Assurance,VAI,5.0,25.0,2012.0,26,,614067,,,,,,,,,,,,,,,,,,,
"Akorn, Inc.",0,18,15,678440.0,21 CFR 211.192,California,Walnut Creek,Unapproved and Misbranded Drugs,VAI,9.0,17.0,2010.0,36,,899334,,,,,,,,,,,,,,,,,,,
"Akorn, Inc.",0,18,15,678441.0,21 CFR 211.80(a),Florida,Clearwater,Bioresearch Monitoring,VAI,9.0,17.0,2010.0,6,,448750,,,,,,,,,,,,,,,,,,,
"Akorn, Inc.",0,18,15,678441.0,21 CFR 211.84(a),Missouri,Kansas City,Drug Quality Assurance,NAI,9.0,17.0,2010.0,17,,830753,,,,,,,,,,,,,,,,,,,
"Akorn, Inc.",0,18,15,678441.0,21 CFR 211.100(b),Ohio,Cincinnati,Bioresearch Monitoring,NAI,9.0,17.0,2010.0,23,,665804,,,,,,,,,,,,,,,,,,,
"Akorn, Inc.",0,18,15,678441.0,21 CFR 211.192,New York,S New Berlin,Drug Quality Assurance,NAI,9.0,17.0,2010.0,19,,888504,,,,,,,,,,,,,,,,,,,
Reliable Rexall-A Compounding Pharmacy,1,69,0,969547.0,21 CFR 211.63,Minnesota,Minneapolis,Bioresearch Monitoring,NAI,3.0,29.0,2016.0,39,,820685,,,,,,,,,,,,,,,,,,,
Reliable Rexall-A Compounding Pharmacy,1,69,0,969547.0,21 CFR 211.125(a),Wisconsin,Neenah,Drug Quality Assurance,NAI,3.0,29.0,2016.0,16,,100599,,,,,,,,,,,,,,,,,,,
Reliable Rexall-A Compounding Pharmacy,1,69,0,969547.0,21 CFR 211.166(a),Kansas,Overland Park,Drug Quality Assurance,NAI,3.0,29.0,2016.0,36,,290554,,,,,,,,,,,,,,,,,,,
Reliable Rexall-A Compounding Pharmacy,1,69,0,969547.0,21 CFR 211.204,South Carolina,Clinton,Drug Quality Assurance,VAI,3.0,29.0,2016.0,12,,113250,,,,,,,,,,,,,,,,,,,
"Pharmakon Pharmaceuticals, Inc.",0,89,0,965166.0,21 CFR 211.22(d),California,Livermore,Drug Quality Assurance,OAI,3.0,16.0,2016.0,4,,278528,,,,,,,,,,,,,,,,,,,
"Pharmakon Pharmaceuticals, Inc.",0,89,0,965166.0,21 CFR 211.28(a),New Jersey,Hamilton,Drug Quality Assurance,NAI,3.0,16.0,2016.0,35,,617096,,,,,,,,,,,,,,,,,,,
"Pharmakon Pharmaceuticals, Inc.",0,89,0,965166.0,21 CFR 211.42(c)(10)(iii),Alabama,Birmingham,Bioresearch Monitoring,NAI,3.0,16.0,2016.0,21,,463303,,,,,,,,,,,,,,,,,,,
"Pharmakon Pharmaceuticals, Inc.",0,89,0,965166.0,21 CFR 211.42(c)(10)(iv),Illinois,Schaumburg,Drug Quality Assurance,NAI,3.0,16.0,2016.0,17,,263529,,,,,,,,,,,,,,,,,,,
"Pharmakon Pharmaceuticals, Inc.",0,89,0,965166.0,21 CFR 211.94(c),Oregon,Portland,Drug Quality Assurance,NAI,3.0,16.0,2016.0,11,,417788,,,,,,,,,,,,,,,,,,,
"Pharmakon Pharmaceuticals, Inc.",0,89,0,965166.0,21 CFR 211.165(a),California,Torrance,Drug Quality Assurance,NAI,3.0,16.0,2016.0,20,,303077,,,,,,,,,,,,,,,,,,,
"Pharmakon Pharmaceuticals, Inc.",0,89,0,965166.0,21 CFR 211.167(a),Georgia,Winder,Drug Quality Assurance,VAI,3.0,16.0,2016.0,19,,693197,,,,,,,,,,,,,,,,,,,
"Pharmakon Pharmaceuticals, Inc.",0,89,0,965166.0,21 CFR 211.192,Massachusetts,Billerica,Bioresearch Monitoring,NAI,3.0,16.0,2016.0,8,,475472,,,,,,,,,,,,,,,,,,,
"Pharmakon Pharmaceuticals, Inc.",0,89,0,872676.0,21 CFR 211.100(b),New Jersey,Kenilworth,Drug Quality Assurance,NAI,4.0,8.0,2014.0,40,,392416,,,,,,,,,,,,,,,,,,,
"Pharmakon Pharmaceuticals, Inc.",0,89,0,872676.0,21 CFR 211.130(d),Pennsylvania,Philadelphia,Drug Quality Assurance,VAI,4.0,8.0,2014.0,35,,231841,,,,,,,,,,,,,,,,,,,
"Pharmakon Pharmaceuticals, Inc.",0,89,0,872676.0,21 CFR 211.134(c),Pennsylvania,Philadelphia,Unapproved and Misbranded Drugs,NAI,4.0,8.0,2014.0,19,,208992,,,,,,,,,,,,,,,,,,,
"Pharmakon Pharmaceuticals, Inc.",0,89,0,872676.0,21 CFR 211.186(a),Maryland,Baltimore,Bioresearch Monitoring,VAI,4.0,8.0,2014.0,3,,369977,,,,,,,,,,,,,,,,,,,
"Pharmakon Pharmaceuticals, Inc.",0,89,0,872676.0,21 CFR 211.192,Ohio,Cincinnati,Bioresearch Monitoring,NAI,4.0,8.0,2014.0,14,,459536,,,,,,,,,,,,,,,,,,,
"Pharmedium Services, LLC",18,211,14,956397.0,21 CFR 211.166(a),Massachusetts,Quincy,Bioresearch Monitoring,NAI,1.0,4.0,2016.0,24,,822338,,,,,,,,,,,,,,,,,,,
"Pharmedium Services, LLC",18,211,14,956397.0,21 CFR 211.167(a),Virginia,Newport News,Bioresearch Monitoring,VAI,1.0,4.0,2016.0,10,,103466,,,,,,,,,,,,,,,,,,,
"Pharmedium Services, LLC",18,211,14,956397.0,21 CFR 211.192,Ohio,Poland,Drug Quality Assurance,VAI,1.0,4.0,2016.0,28,,561074,,,,,,,,,,,,,,,,,,,
"PD-Rx Pharmaceuticals, Inc.",0,6,2,955661.0,21 CFR 211.25(a),Kentucky,Richmond,Drug Quality Assurance,NAI,12.0,4.0,2015.0,2,,234480,,,,,,,,,,,,,,,,,,,
"PD-Rx Pharmaceuticals, Inc.",0,6,2,955661.0,21 CFR 211.63,California,Corona,Drug Quality Assurance,OAI,12.0,4.0,2015.0,29,,650304,,,,,,,,,,,,,,,,,,,
"PD-Rx Pharmaceuticals, Inc.",0,6,2,955661.0,21 CFR 211.125(a),Pennsylvania,Fort Washington,Drug Quality Assurance,NAI,12.0,4.0,2015.0,16,,372564,,,,,,,,,,,,,,,,,,,
"PD-Rx Pharmaceuticals, Inc.",0,6,2,955661.0,21 CFR 211.198(a),Tennessee,Bristol,Drug Quality Assurance,VAI,12.0,4.0,2015.0,15,,137289,,,,,,,,,,,,,,,,,,,
"Central Admixture Pharmacy Services, Inc.",38,0,0,949342.0,21 CFR 211.28(a),California,Loma Linda,Drug Quality Assurance,NAI,11.0,20.0,2015.0,33,,795437,,,,,,,,,,,,,,,,,,,
"Central Admixture Pharmacy Services, Inc.",38,0,0,949342.0,21 CFR 211.42(b),Minnesota,Rochester,Drug Quality Assurance,VAI,11.0,20.0,2015.0,26,,448457,,,,,,,,,,,,,,,,,,,
"Central Admixture Pharmacy Services, Inc.",38,0,0,949342.0,21 CFR 211.42(c)(10)(iii),North Carolina,Durham,Drug Quality Assurance,NAI,11.0,20.0,2015.0,25,,312889,,,,,,,,,,,,,,,,,,,
"Central Admixture Pharmacy Services, Inc.",38,0,0,949342.0,21 CFR 211.42(c)(10)(iv),Pennsylvania,Morgantown,Drug Quality Assurance,VAI,11.0,20.0,2015.0,6,,284223,,,,,,,,,,,,,,,,,,,
"Central Admixture Pharmacy Services, Inc.",38,0,0,949342.0,21 CFR 211.56(a),Washington,Spokane,Drug Quality Assurance,VAI,11.0,20.0,2015.0,6,,127276,,,,,,,,,,,,,,,,,,,
"Central Admixture Pharmacy Services, Inc.",38,0,0,949342.0,21 CFR 211.84(d)(6),New York,Watkins Glen,Drug Quality Assurance,NAI,11.0,20.0,2015.0,35,,214246,,,,,,,,,,,,,,,,,,,
"Central Admixture Pharmacy Services, Inc.",38,0,0,949342.0,21 CFR 211.192,Nevada,Las Vegas,Drug Quality Assurance,OAI,11.0,20.0,2015.0,4,,554713,,,,,,,,,,,,,,,,,,,
"Central Admixture Pharmacy Services, Inc.",38,0,0,914112.0,21 CFR 211.28(a),Indiana,Indianapolis,Drug Quality Assurance,OAI,2.0,11.0,2015.0,23,,139873,,,,,,,,,,,,,,,,,,,
"Central Admixture Pharmacy Services, Inc.",38,0,0,914112.0,21 CFR 211.113(b),Maryland,Salisbury,Postmarket Surv. and Epidemiology,NAI,2.0,11.0,2015.0,3,,627622,,,,,,,,,,,,,,,,,,,
"Central Admixture Pharmacy Services, Inc.",38,0,0,914112.0,21 CFR 211.113(b),California,Concord,Drug Quality Assurance,VAI,2.0,11.0,2015.0,40,,966370,,,,,,,,,,,,,,,,,,,
"Central Admixture Pharmacy Services, Inc.",38,0,0,914112.0,21 CFR 211.188(a),Florida,Miami,Bioresearch Monitoring,OAI,2.0,11.0,2015.0,7,,228618,,,,,,,,,,,,,,,,,,,
"Central Admixture Pharmacy Services, Inc.",38,0,0,914112.0,21 CFR 211.192,New Jersey,Jackson,Drug Quality Assurance,NAI,2.0,11.0,2015.0,7,,308451,,,,,,,,,,,,,,,,,,,
"Central Admixture Pharmacy Services, Inc.",38,0,0,883358.0,21 CFR 211.56(a),Georgia,Atlanta,Bioresearch Monitoring,NAI,6.0,11.0,2014.0,18,,595356,,,,,,,,,,,,,,,,,,,
"Central Admixture Pharmacy Services, Inc.",38,0,0,883358.0,21 CFR 211.84(a),Texas,Houston,Bioresearch Monitoring,VAI,6.0,11.0,2014.0,31,,233710,,,,,,,,,,,,,,,,,,,
"Central Admixture Pharmacy Services, Inc.",38,0,0,883358.0,21 CFR 211.113(b),New Jersey,Rahway,Bioresearch Monitoring,VAI,6.0,11.0,2014.0,27,,341877,,,,,,,,,,,,,,,,,,,
"Central Admixture Pharmacy Services, Inc.",38,0,0,869831.0,21 CFR 211.28(a),Florida,Riviera Beach,Drug Quality Assurance,VAI,2.0,20.0,2014.0,12,,440901,,,,,,,,,,,,,,,,,,,
"Central Admixture Pharmacy Services, Inc.",38,0,0,869831.0,21 CFR 211.113(b),South Carolina,Charleston,Drug Quality Assurance,NAI,2.0,20.0,2014.0,6,,784001,,,,,,,,,,,,,,,,,,,
"Central Admixture Pharmacy Services, Inc.",38,0,0,869831.0,21 CFR 211.160(b),Louisiana,Shreveport,Drug Quality Assurance,VAI,2.0,20.0,2014.0,14,,100908,,,,,,,,,,,,,,,,,,,
"Central Admixture Pharmacy Services, Inc.",38,0,0,869831.0,21 CFR 211.160(b)(3),California,Camarillo,Drug Quality Assurance,VAI,2.0,20.0,2014.0,17,,335410,,,,,,,,,,,,,,,,,,,
"Central Admixture Pharmacy Services, Inc.",38,0,0,869831.0,21 CFR 211.192,New York,Deer Park,Drug Quality Assurance,VAI,2.0,20.0,2014.0,16,,781838,,,,,,,,,,,,,,,,,,,
"Downing Labs, LLC",0,48,0,945306.0,21 CFR 211.42(a),Pennsylvania,Harrisburg,Drug Quality Assurance,VAI,10.0,9.0,2015.0,24,,435863,,,,,,,,,,,,,,,,,,,
"Downing Labs, LLC",0,48,0,945306.0,21 CFR 211.42(c)(10)(iv),Tennessee,Smyrna,Drug Quality Assurance,VAI,10.0,9.0,2015.0,33,,995983,,,,,,,,,,,,,,,,,,,
"Downing Labs, LLC",0,48,0,945306.0,21 CFR 211.42(c)(10)(v),Ohio,Martins Ferry,Drug Quality Assurance,NAI,10.0,9.0,2015.0,13,,845176,,,,,,,,,,,,,,,,,,,
"Downing Labs, LLC",0,48,0,945306.0,21 CFR 211.100(a),Alabama,Florence,Drug Quality Assurance,NAI,10.0,9.0,2015.0,24,,515573,,,,,,,,,,,,,,,,,,,
"Downing Labs, LLC",0,48,0,945306.0,21 CFR 211.111,Alabama,Florence,Drug Quality Assurance,NAI,10.0,9.0,2015.0,31,,369056,,,,,,,,,,,,,,,,,,,
"Downing Labs, LLC",0,48,0,945306.0,21 CFR 211.113(b),Massachusetts,Lexington,Bioresearch Monitoring,VAI,10.0,9.0,2015.0,39,,190901,,,,,,,,,,,,,,,,,,,
"Downing Labs, LLC",0,48,0,945306.0,21 CFR 211.166(a),New York,Deer Park,Drug Quality Assurance,VAI,10.0,9.0,2015.0,20,,719593,,,,,,,,,,,,,,,,,,,
"Downing Labs, LLC",0,48,0,945306.0,21 CFR 211.167(a),Wisconsin,Monroe,Drug Quality Assurance,VAI,10.0,9.0,2015.0,25,,394694,,,,,,,,,,,,,,,,,,,
"Downing Labs, LLC",0,48,0,945306.0,21 CFR 211.192,New Jersey,Princeton,Drug Quality Assurance,NAI,10.0,9.0,2015.0,39,,482718,,,,,,,,,,,,,,,,,,,
"Downing Labs, LLC",0,48,0,887817.0,21 CFR 211.22(b),Missouri,Fenton,Drug Quality Assurance,NAI,7.0,16.0,2014.0,34,,750210,,,,,,,,,,,,,,,,,,,
"Downing Labs, LLC",0,48,0,887817.0,21 CFR 211.22(c),Michigan,Grand Haven,Drug Quality Assurance,VAI,7.0,16.0,2014.0,15,,682741,,,,,,,,,,,,,,,,,,,
"Downing Labs, LLC",0,48,0,887817.0,21 CFR 211.28(a),Minnesota,Saint Paul,Drug Quality Assurance,NAI,7.0,16.0,2014.0,26,,935133,,,,,,,,,,,,,,,,,,,
"Downing Labs, LLC",0,48,0,887817.0,21 CFR 211.42(c)(10)(iv),New Jersey,Rahway,Drug Quality Assurance,NAI,7.0,16.0,2014.0,31,,595063,,,,,,,,,,,,,,,,,,,
"Downing Labs, LLC",0,48,0,887817.0,21 CFR 211.42(c)(10)(v),New Jersey,Rockaway,Drug Quality Assurance,NAI,7.0,16.0,2014.0,14,,489102,,,,,,,,,,,,,,,,,,,
"Downing Labs, LLC",0,48,0,887817.0,21 CFR 211.42(c)(10)(vi),Minnesota,Saint Paul,Drug Quality Assurance,VAI,7.0,16.0,2014.0,27,,125361,,,,,,,,,,,,,,,,,,,
"Downing Labs, LLC",0,48,0,887817.0,21 CFR 211.63,Pennsylvania,Donora,Drug Quality Assurance,NAI,7.0,16.0,2014.0,40,,410229,,,,,,,,,,,,,,,,,,,
"Downing Labs, LLC",0,48,0,887817.0,21 CFR 211.67(a),Florida,Largo,Drug Quality Assurance,NAI,7.0,16.0,2014.0,26,,843222,,,,,,,,,,,,,,,,,,,
"Downing Labs, LLC",0,48,0,887817.0,21 CFR 211.113(b),Nevada,Las Vegas,Drug Quality Assurance,VAI,7.0,16.0,2014.0,30,,279495,,,,,,,,,,,,,,,,,,,
"Downing Labs, LLC",0,48,0,887817.0,21 CFR 211.166(a),Nevada,Las Vegas,Drug Quality Assurance,VAI,7.0,16.0,2014.0,6,,247745,,,,,,,,,,,,,,,,,,,
"Downing Labs, LLC",0,48,0,887817.0,21 CFR 211.167(a),New Jersey,Bridgewater,Drug Quality Assurance,NAI,7.0,16.0,2014.0,28,,551493,,,,,,,,,,,,,,,,,,,
"Downing Labs, LLC",0,48,0,887817.0,21 CFR 211.192,New Jersey,Phillipsburg,Drug Quality Assurance,NAI,7.0,16.0,2014.0,23,,796116,,,,,,,,,,,,,,,,,,,
"Downing Labs, LLC",0,48,0,825163.0,21 CFR 211.28(a),Puerto Rico,Barceloneta,Drug Quality Assurance,VAI,4.0,16.0,2013.0,14,,940441,,,,,,,,,,,,,,,,,,,
"Downing Labs, LLC",0,48,0,825163.0,21 CFR 211.42(c)(10)(iv),Massachusetts,Wilmington,Drug Quality Assurance,NAI,4.0,16.0,2013.0,13,,320939,,,,,,,,,,,,,,,,,,,
"Downing Labs, LLC",0,48,0,825163.0,21 CFR 211.42(c)(10)(v),New York,Malone,Drug Quality Assurance,VAI,4.0,16.0,2013.0,40,,428582,,,,,,,,,,,,,,,,,,,
"Downing Labs, LLC",0,48,0,825163.0,21 CFR 211.42(c)(10)(vi),New York,Malone,Unapproved and Misbranded Drugs,OAI,4.0,16.0,2013.0,24,,189987,,,,,,,,,,,,,,,,,,,
"Downing Labs, LLC",0,48,0,825163.0,21 CFR 211.100(a),Maine,Augusta,Bioresearch Monitoring,NAI,4.0,16.0,2013.0,12,,356195,,,,,,,,,,,,,,,,,,,
"Downing Labs, LLC",0,48,0,825163.0,21 CFR 211.165(b),New Jersey,Raritan,Drug Quality Assurance,NAI,4.0,16.0,2013.0,25,,570080,,,,,,,,,,,,,,,,,,,
"Downing Labs, LLC",0,48,0,825163.0,21 CFR 211.186(b)(9),New Jersey,Piscataway,Drug Quality Assurance,NAI,4.0,16.0,2013.0,33,,764064,,,,,,,,,,,,,,,,,,,
"Downing Labs, LLC",0,48,0,825163.0,21 CFR 211.192,New York,Patchogue,Drug Quality Assurance,NAI,4.0,16.0,2013.0,17,,240900,,,,,,,,,,,,,,,,,,,
King Bio Inc.,459,0,0,941497.0,21 CFR 211.25(a),New York,Syracuse,Drug Quality Assurance,NAI,9.0,4.0,2015.0,9,,116825,,,,,,,,,,,,,,,,,,,
King Bio Inc.,459,0,0,941497.0,21 CFR 211.42(d),Maine,Lisbon Falls,Drug Quality Assurance,NAI,9.0,4.0,2015.0,33,,319645,,,,,,,,,,,,,,,,,,,
King Bio Inc.,459,0,0,941497.0,21 CFR 211.160(b),New Jersey,East Hanover,Drug Quality Assurance,NAI,9.0,4.0,2015.0,10,,533515,,,,,,,,,,,,,,,,,,,
King Bio Inc.,459,0,0,941497.0,21 CFR 211.166(a),New Jersey,East Hanover,Postmarket Surv. and Epidemiology,NAI,9.0,4.0,2015.0,9,,875960,,,,,,,,,,,,,,,,,,,
King Bio Inc.,459,0,0,941497.0,21 CFR 211.166(a)(5),New Jersey,Titusville,Drug Quality Assurance,NAI,9.0,4.0,2015.0,7,,769918,,,,,,,,,,,,,,,,,,,
King Bio Inc.,459,0,0,941497.0,21 CFR 211.170(a),Nebraska,Omaha,Drug Quality Assurance,NAI,9.0,4.0,2015.0,10,,206674,,,,,,,,,,,,,,,,,,,
King Bio Inc.,459,0,0,941497.0,21 CFR 211.176,Virginia,Chesapeake,Drug Quality Assurance,NAI,9.0,4.0,2015.0,8,,388400,,,,,,,,,,,,,,,,,,,
King Bio Inc.,459,0,0,941497.0,21 CFR 211.182,New York,Saranac Lake,Drug Quality Assurance,NAI,9.0,4.0,2015.0,15,,255196,,,,,,,,,,,,,,,,,,,
King Bio Inc.,459,0,0,738907.0,21 CFR 211.25(a),Pennsylvania,Wayne,Postmarket Surv. and Epidemiology,NAI,8.0,10.0,2011.0,27,,311001,,,,,,,,,,,,,,,,,,,
King Bio Inc.,459,0,0,738907.0,21 CFR 211.84(e),Tennessee,Nashville,Drug Quality Assurance,NAI,8.0,10.0,2011.0,13,,356713,,,,,,,,,,,,,,,,,,,
King Bio Inc.,459,0,0,738907.0,21 CFR 211.165(b),California,San Diego,Drug Quality Assurance,VAI,8.0,10.0,2011.0,37,,404335,,,,,,,,,,,,,,,,,,,
King Bio Inc.,459,0,0,738907.0,21 CFR 211.166(a),New Hampshire,Salem,Drug Quality Assurance,NAI,8.0,10.0,2011.0,11,,409850,,,,,,,,,,,,,,,,,,,
King Bio Inc.,459,0,0,738907.0,21 CFR 211.186(b)(9),Missouri,Columbia,Drug Quality Assurance,NAI,8.0,10.0,2011.0,40,,200468,,,,,,,,,,,,,,,,,,,
King Bio Inc.,459,0,0,738907.0,21 CFR 211.192,Missouri,Columbia,Drug Quality Assurance,NAI,8.0,10.0,2011.0,12,,204037,,,,,,,,,,,,,,,,,,,
Pfizer Inc.,5,28,26,946884.0,21 CFR 314.80(j),Virginia,Richmond,Bioresearch Monitoring,NAI,8.0,26.0,2015.0,31,,435880,,,,,,,,,,,,,,,,,,,
Pfizer Inc.,5,28,26,805292.0,21 CFR 314.80(b),New York,Farmingdale,Drug Quality Assurance,OAI,10.0,15.0,2012.0,14,,330906,,,,,,,,,,,,,,,,,,,
Pfizer Inc.,5,28,26,805292.0,21 CFR 314.80(b),New York,Farmingdale,Unapproved and Misbranded Drugs,OAI,10.0,15.0,2012.0,16,,761759,,,,,,,,,,,,,,,,,,,
Pfizer Inc.,5,28,26,805292.0,21 CFR 314.80(c)(1)(ii),Florida,Miami,Bioresearch Monitoring,VAI,10.0,15.0,2012.0,37,,909211,,,,,,,,,,,,,,,,,,,
Pfizer Inc.,5,28,26,805292.0,21 CFR 314.80(c)(1)(ii),Washington,Bellingham,Unapproved and Misbranded Drugs,NAI,10.0,15.0,2012.0,6,,687802,,,,,,,,,,,,,,,,,,,
Pfizer Inc.,5,28,26,805292.0,21 CFR 314.80(c)(1)(iii),Delaware,Newark,Drug Quality Assurance,NAI,10.0,15.0,2012.0,29,,691379,,,,,,,,,,,,,,,,,,,
"Lincare, Inc.",0,54,0,943389.0,21 CFR 211.150(b),Kansas,Mcpherson,Drug Quality Assurance,VAI,8.0,21.0,2015.0,32,,220353,,,,,,,,,,,,,,,,,,,
"Lincare, Inc.",0,54,0,938765.0,21 CFR 211.22(d),Oregon,Portland,Drug Quality Assurance,VAI,8.0,20.0,2015.0,9,,555486,,,,,,,,,,,,,,,,,,,
"Lincare, Inc.",0,54,0,932630.0,21 CFR 211.192,Missouri,Kansas City,Drug Quality Assurance,NAI,6.0,11.0,2015.0,22,,128073,,,,,,,,,,,,,,,,,,,
"Lincare, Inc.",0,54,0,790064.0,21 CFR 211.87,Louisiana,Baton Rouge,Drug Quality Assurance,OAI,7.0,10.0,2012.0,2,,841584,,,,,,,,,,,,,,,,,,,
"Lincare, Inc.",0,54,0,757254.0,21 CFR 211.68(a),Florida,Winter Park,Bioresearch Monitoring,VAI,12.0,16.0,2011.0,17,,302804,,,,,,,,,,,,,,,,,,,
"Lincare, Inc.",0,54,0,757254.0,21 CFR 211.188(b)(2),Alabama,Birmingham,Bioresearch Monitoring,VAI,12.0,16.0,2011.0,34,,602445,,,,,,,,,,,,,,,,,,,
"Lincare, Inc.",0,54,0,757254.0,21 CFR 211.192,Indiana,Columbus,Drug Quality Assurance,VAI,12.0,16.0,2011.0,37,,158926,,,,,,,,,,,,,,,,,,,
"Lincare, Inc.",0,54,0,757254.0,21 CFR 211.192,Indiana,Columbus,Drug Quality Assurance,VAI,12.0,16.0,2011.0,7,,418896,,,,,,,,,,,,,,,,,,,
"Lincare, Inc.",0,54,0,681269.0,21 CFR 211.160(a),California,Valencia,Drug Quality Assurance,NAI,9.0,22.0,2010.0,7,,724487,,,,,,,,,,,,,,,,,,,
"Lincare, Inc.",0,54,0,681269.0,21 CFR 211.188,Puerto Rico,Juncos,Drug Quality Assurance,NAI,9.0,22.0,2010.0,21,,918626,,,,,,,,,,,,,,,,,,,
"Lincare, Inc.",0,54,0,681269.0,21 CFR 211.188(b)(12),Iowa,Des Moines,Bioresearch Monitoring,NAI,9.0,22.0,2010.0,16,,870510,,,,,,,,,,,,,,,,,,,
"Lincare, Inc.",0,54,0,679142.0,21 CFR 211.188,California,Anaheim,Bioresearch Monitoring,NAI,9.0,8.0,2010.0,28,,721960,,,,,,,,,,,,,,,,,,,
"Noven Pharmaceuticals, Inc.",0,32,1,934846.0,21 CFR 211.100(a),Louisiana,Shreveport,Bioresearch Monitoring,NAI,7.0,10.0,2015.0,36,,736057,,,,,,,,,,,,,,,,,,,
"Noven Pharmaceuticals, Inc.",0,32,1,934846.0,21 CFR 211.111,New York,Cedarhurst,Over-the-Counter Drug Evaluation,NAI,7.0,10.0,2015.0,18,,612819,,,,,,,,,,,,,,,,,,,
"Noven Pharmaceuticals, Inc.",0,32,1,711251.0,21 CFR 211.100(a),Colorado,Denver,Drug Quality Assurance,VAI,2.0,14.0,2011.0,13,,851218,,,,,,,,,,,,,,,,,,,
"Noven Pharmaceuticals, Inc.",0,32,1,711251.0,21 CFR 211.103,Ohio,Solon,Drug Quality Assurance,NAI,2.0,14.0,2011.0,27,,587248,,,,,,,,,,,,,,,,,,,
"Noven Pharmaceuticals, Inc.",0,32,1,711251.0,21 CFR 211.122(d),Massachusetts,Woburn,Drug Quality Assurance,VAI,2.0,14.0,2011.0,16,,114498,,,,,,,,,,,,,,,,,,,
"Noven Pharmaceuticals, Inc.",0,32,1,711251.0,21 CFR 211.180(e)(2),Massachusetts,North Billerica,Drug Quality Assurance,VAI,2.0,14.0,2011.0,17,,189315,,,,,,,,,,,,,,,,,,,
"Noven Pharmaceuticals, Inc.",0,32,1,711251.0,21 CFR 211.192,Massachusetts,Lexington,Bioresearch Monitoring,NAI,2.0,14.0,2011.0,9,,449257,,,,,,,,,,,,,,,,,,,
"Hartley Medical Center Pharmacy, Incorporated",2,30,0,934241.0,21 CFR 211.42(c)(10)(iv),Nevada,Las Vegas,Drug Quality Assurance,OAI,7.0,8.0,2015.0,7,,136502,,,,,,,,,,,,,,,,,,,
"Hartley Medical Center Pharmacy, Incorporated",2,30,0,934241.0,21 CFR 211.113(b),Arkansas,Hot Springs,Drug Quality Assurance,VAI,7.0,8.0,2015.0,13,,163385,,,,,,,,,,,,,,,,,,,
The Compounding Pharmacy of America,1,382,0,928801.0,21 CFR 211.28(a),Florida,Hollywood,Bioresearch Monitoring,VAI,5.0,21.0,2015.0,19,,573195,,,,,,,,,,,,,,,,,,,
The Compounding Pharmacy of America,1,382,0,928801.0,21 CFR 211.42(c)(10)(iii),New Jersey,Carlstadt,Drug Quality Assurance,OAI,5.0,21.0,2015.0,37,,898525,,,,,,,,,,,,,,,,,,,
The Compounding Pharmacy of America,1,382,0,928801.0,21 CFR 211.42(c)(10)(iv),New Jersey,Carlstadt,Unapproved and Misbranded Drugs,OAI,5.0,21.0,2015.0,21,,585975,,,,,,,,,,,,,,,,,,,
The Compounding Pharmacy of America,1,382,0,928801.0,21 CFR 211.42(c)(10)(v),Illinois,Vernon Hills,Drug Quality Assurance,VAI,5.0,21.0,2015.0,39,,412964,,,,,,,,,,,,,,,,,,,
The Compounding Pharmacy of America,1,382,0,928801.0,21 CFR 211.68(a),New York,New Paltz,Drug Quality Assurance,VAI,5.0,21.0,2015.0,20,,704641,,,,,,,,,,,,,,,,,,,
The Compounding Pharmacy of America,1,382,0,928801.0,21 CFR 211.84(d)(2),Ohio,Cincinnati,Bioresearch Monitoring,NAI,5.0,21.0,2015.0,30,,368751,,,,,,,,,,,,,,,,,,,
The Compounding Pharmacy of America,1,382,0,928801.0,21 CFR 211.167(a),Tennessee,Memphis,Bioresearch Monitoring,VAI,5.0,21.0,2015.0,6,,665474,,,,,,,,,,,,,,,,,,,
Medline Industries Inc,2,70,0,913527.0,21 CFR 211.63,New Jersey,Somerset,Drug Quality Assurance,NAI,3.0,11.0,2015.0,40,,394168,,,,,,,,,,,,,,,,,,,
Medline Industries Inc,2,70,0,913527.0,21 CFR 211.68(b),Wisconsin,Madison,Drug Quality Assurance,NAI,3.0,11.0,2015.0,28,,462766,,,,,,,,,,,,,,,,,,,
Medline Industries Inc,2,70,0,913527.0,21 CFR 211.84(a),Louisiana,Hahnville,Drug Quality Assurance,NAI,3.0,11.0,2015.0,14,,615934,,,,,,,,,,,,,,,,,,,
Medline Industries Inc,2,70,0,913527.0,21 CFR 211.84(d)(2),North Carolina,Brevard,Drug Quality Assurance,NAI,3.0,11.0,2015.0,39,,821503,,,,,,,,,,,,,,,,,,,
Medline Industries Inc,2,70,0,913527.0,21 CFR 211.84(e),North Carolina,Brevard,Over-the-Counter Drug Evaluation,VAI,3.0,11.0,2015.0,26,,658256,,,,,,,,,,,,,,,,,,,
Medline Industries Inc,2,70,0,913527.0,21 CFR 211.160(b),Massachusetts,Adams,Drug Quality Assurance,VAI,3.0,11.0,2015.0,20,,764169,,,,,,,,,,,,,,,,,,,
Medline Industries Inc,2,70,0,913527.0,21 CFR 211.165(f),South Carolina,Charleston,Drug Quality Assurance,VAI,3.0,11.0,2015.0,10,,299432,,,,,,,,,,,,,,,,,,,
Medline Industries Inc,2,70,0,913527.0,21 CFR 211.180(e)(2),Puerto Rico,Humacao,Drug Quality Assurance,NAI,3.0,11.0,2015.0,39,,794830,,,,,,,,,,,,,,,,,,,
Medline Industries Inc,2,70,0,913527.0,21 CFR 211.192,Ohio,Franklin,Drug Quality Assurance,NAI,3.0,11.0,2015.0,40,,384149,,,,,,,,,,,,,,,,,,,
Medline Industries Inc,2,70,0,913527.0,21 CFR 211.194(a)(2),Ohio,Rittman,Drug Quality Assurance,NAI,3.0,11.0,2015.0,28,,855925,,,,,,,,,,,,,,,,,,,
Medline Industries Inc,2,70,0,791750.0,21 CFR 211.100(b),Tennessee,Nashville,Drug Quality Assurance,NAI,6.0,21.0,2012.0,22,,842458,,,,,,,,,,,,,,,,,,,
Medline Industries Inc,2,70,0,791750.0,21 CFR 211.192,Oklahoma,Yukon,Bioresearch Monitoring,VAI,6.0,21.0,2012.0,36,,261594,,,,,,,,,,,,,,,,,,,
"Health Innovations Pharmacy, Inc",0,65,0,919303.0,21 CFR 211.84(d)(6),Arizona,Scottsdale,Postmarket Surv. and Epidemiology,NAI,2.0,27.0,2015.0,34,,402436,,,,,,,,,,,,,,,,,,,
"Health Innovations Pharmacy, Inc",0,65,0,919303.0,21 CFR 211.111,California,Hayward,Drug Quality Assurance,VAI,2.0,27.0,2015.0,26,,939701,,,,,,,,,,,,,,,,,,,
"Health Innovations Pharmacy, Inc",0,65,0,919303.0,21 CFR 211.113(b),Kentucky,Lexington,Drug Quality Assurance,NAI,2.0,27.0,2015.0,11,,819921,,,,,,,,,,,,,,,,,,,
"Health Innovations Pharmacy, Inc",0,65,0,919303.0,21 CFR 211.165(a),Tennessee,Jackson,Bioresearch Monitoring,VAI,2.0,27.0,2015.0,2,,452765,,,,,,,,,,,,,,,,,,,
"Health Innovations Pharmacy, Inc",0,65,0,919303.0,21 CFR 211.165(b),Kansas,Wichita,Bioresearch Monitoring,VAI,2.0,27.0,2015.0,36,,857069,,,,,,,,,,,,,,,,,,,
"Health Innovations Pharmacy, Inc",0,65,0,919303.0,21 CFR 211.166(a),Texas,San Antonio,Drug Quality Assurance,VAI,2.0,27.0,2015.0,24,,361099,,,,,,,,,,,,,,,,,,,
"Health Innovations Pharmacy, Inc",0,65,0,919303.0,21 CFR 211.167(a),South Carolina,Columbia,Drug Quality Assurance,NAI,2.0,27.0,2015.0,19,,477098,,,,,,,,,,,,,,,,,,,
Lloyd Inc. of Iowa,0,36,0,918332.0,21 CFR 211.84(d)(3),New York,Farmingdale,Drug Quality Assurance,VAI,2.0,20.0,2015.0,4,,303717,,,,,,,,,,,,,,,,,,,
Lloyd Inc. of Iowa,0,36,0,918332.0,21 CFR 211.103,Florida,South Miami,Bioresearch Monitoring,NAI,2.0,20.0,2015.0,4,,561277,,,,,,,,,,,,,,,,,,,
Lloyd Inc. of Iowa,0,36,0,918332.0,21 CFR 211.110(a),Connecticut,Ridgefield,Bioresearch Monitoring,NAI,2.0,20.0,2015.0,24,,739994,,,,,,,,,,,,,,,,,,,
Lloyd Inc. of Iowa,0,36,0,918332.0,21 CFR 211.160(b)(2),Ohio,Cleveland,Drug Quality Assurance,NAI,2.0,20.0,2015.0,22,,996999,,,,,,,,,,,,,,,,,,,
Lloyd Inc. of Iowa,0,36,0,918332.0,21 CFR 211.160(b)(4),Massachusetts,Westborough,Drug Quality Assurance,NAI,2.0,20.0,2015.0,10,,436718,,,,,,,,,,,,,,,,,,,
Lloyd Inc. of Iowa,0,36,0,918332.0,21 CFR 211.165(e),Florida,Miami,Bioresearch Monitoring,NAI,2.0,20.0,2015.0,24,,121720,,,,,,,,,,,,,,,,,,,
Lloyd Inc. of Iowa,0,36,0,918332.0,21 CFR 211.166(a)(3),New York,Hicksville,Drug Quality Assurance,NAI,2.0,20.0,2015.0,38,,983095,,,,,,,,,,,,,,,,,,,
Lloyd Inc. of Iowa,0,36,0,787926.0,21 CFR 211.22(d),Pennsylvania,Mechanicsburg,Drug Quality Assurance,NAI,6.0,15.0,2012.0,10,,808107,,,,,,,,,,,,,,,,,,,
Lloyd Inc. of Iowa,0,36,0,787926.0,21 CFR 211.25(c),Pennsylvania,Lititz,Drug Quality Assurance,NAI,6.0,15.0,2012.0,24,,826800,,,,,,,,,,,,,,,,,,,
Lloyd Inc. of Iowa,0,36,0,787926.0,21 CFR 211.194(a),Missouri,Mound City,Drug Quality Assurance,VAI,6.0,15.0,2012.0,36,,489628,,,,,,,,,,,,,,,,,,,
Lloyd Inc. of Iowa,0,36,0,787926.0,21 CFR 211.198(a),California,South San Francisco,Postmarket Surv. and Epidemiology,VAI,6.0,15.0,2012.0,39,,989860,,,,,,,,,,,,,,,,,,,
Lloyd Inc. of Iowa,0,36,0,787926.0,21 CFR 314.81(b)(1)(ii),California,Ventura,Drug Quality Assurance,VAI,6.0,15.0,2012.0,5,,969020,,,,,,,,,,,,,,,,,,,
Product Quest Manufacturing LLC,1,51,2,915252.0,21 CFR 211.100(a),New Jersey,Edison,Drug Quality Assurance,OAI,2.0,18.0,2015.0,34,,869423,,,,,,,,,,,,,,,,,,,
Product Quest Manufacturing LLC,1,51,2,915252.0,21 CFR 211.115(a),Oklahoma,Newcastle,Drug Quality Assurance,NAI,2.0,18.0,2015.0,35,,969625,,,,,,,,,,,,,,,,,,,
Product Quest Manufacturing LLC,1,51,2,915252.0,21 CFR 211.180(e)(2),West Virginia,Milton,Drug Quality Assurance,VAI,2.0,18.0,2015.0,12,,154436,,,,,,,,,,,,,,,,,,,
Product Quest Manufacturing LLC,1,51,2,915252.0,21 CFR 211.192,Pennsylvania,Fort Washington,Bioresearch Monitoring,NAI,2.0,18.0,2015.0,12,,148201,,,,,,,,,,,,,,,,,,,
Product Quest Manufacturing LLC,1,51,2,771513.0,21 CFR 211.46(b),Florida,North Palm Beach,Bioresearch Monitoring,OAI,3.0,11.0,2012.0,14,,614999,,,,,,,,,,,,,,,,,,,
Product Quest Manufacturing LLC,1,51,2,771513.0,21 CFR 211.100(a),New York,Williamsville,Bioresearch Monitoring,NAI,3.0,11.0,2012.0,20,,960976,,,,,,,,,,,,,,,,,,,
Product Quest Manufacturing LLC,1,51,2,771513.0,21 CFR 211.160(b)(4),New Jersey,Buena,Drug Quality Assurance,VAI,3.0,11.0,2012.0,38,,844163,,,,,,,,,,,,,,,,,,,
Product Quest Manufacturing LLC,1,51,2,771513.0,21 CFR 211.166(a),California,Carson,Drug Quality Assurance,NAI,3.0,11.0,2012.0,29,,401614,,,,,,,,,,,,,,,,,,,
Watson Laboratories Inc,1,12,9,907020.0,21 CFR 211.165(e),New Jersey,Pennington,Postmarket Surv. and Epidemiology,NAI,12.0,8.0,2014.0,31,,632095,,,,,,,,,,,,,,,,,,,
Watson Laboratories Inc,1,12,9,907020.0,21 CFR 211.192,Ohio,Oakwood Village,Drug Quality Assurance,NAI,12.0,8.0,2014.0,8,,872670,,,,,,,,,,,,,,,,,,,
Watson Laboratories Inc,1,12,9,875552.0,21 CFR 211.160(b),New Jersey,Ledgewood,Drug Quality Assurance,OAI,4.0,21.0,2014.0,29,,226282,,,,,,,,,,,,,,,,,,,
Watson Laboratories Inc,1,12,9,875552.0,21 CFR 211.165(e),New York,Cortland,Drug Quality Assurance,NAI,4.0,21.0,2014.0,27,,280337,,,,,,,,,,,,,,,,,,,
Watson Laboratories Inc,1,12,9,802315.0,21 CFR 211.22(d),New Jersey,Lambertville,Postmarket Surv. and Epidemiology,VAI,11.0,26.0,2012.0,32,,891460,,,,,,,,,,,,,,,,,,,
Watson Laboratories Inc,1,12,9,802315.0,21 CFR 211.63,Maryland,Easton,Drug Quality Assurance,VAI,11.0,26.0,2012.0,18,,127103,,,,,,,,,,,,,,,,,,,
Watson Laboratories Inc,1,12,9,802315.0,21 CFR 211.68(b),California,South El Monte,Drug Quality Assurance,VAI,11.0,26.0,2012.0,19,,413024,,,,,,,,,,,,,,,,,,,
Watson Laboratories Inc,1,12,9,802315.0,21 CFR 211.110(a),Pennsylvania,Monroeville,Drug Quality Assurance,VAI,11.0,26.0,2012.0,7,,252144,,,,,,,,,,,,,,,,,,,
Watson Laboratories Inc,1,12,9,802315.0,21 CFR 211.111,California,Hayward,Drug Quality Assurance,VAI,11.0,26.0,2012.0,12,,235347,,,,,,,,,,,,,,,,,,,
Watson Laboratories Inc,1,12,9,802315.0,21 CFR 211.160(a),Virginia,Chesapeake,Drug Quality Assurance,VAI,11.0,26.0,2012.0,35,,983617,,,,,,,,,,,,,,,,,,,
Watson Laboratories Inc,1,12,9,802315.0,21 CFR 211.160(b),California,San Francisco,Bioresearch Monitoring,VAI,11.0,26.0,2012.0,7,,886064,,,,,,,,,,,,,,,,,,,
Watson Laboratories Inc,1,12,9,802315.0,21 CFR 211.165(e),California,Hayward,Drug Quality Assurance,VAI,11.0,26.0,2012.0,31,,788854,,,,,,,,,,,,,,,,,,,
Watson Laboratories Inc,1,12,9,802315.0,21 CFR 211.165(f),Texas,Houston,Drug Quality Assurance,NAI,11.0,26.0,2012.0,37,,605157,,,,,,,,,,,,,,,,,,,
Watson Laboratories Inc,1,12,9,802315.0,21 CFR 211.166(a)(3),Texas,Houston,Postmarket Surv. and Epidemiology,NAI,11.0,26.0,2012.0,15,,816250,,,,,,,,,,,,,,,,,,,
Watson Laboratories Inc,1,12,9,802315.0,21 CFR 211.166(a)(4),Texas,Houston,Unapproved and Misbranded Drugs,VAI,11.0,26.0,2012.0,11,,623262,,,,,,,,,,,,,,,,,,,
Watson Laboratories Inc,1,12,9,802315.0,21 CFR 211.186(b)(1),California,Fullerton,Bioresearch Monitoring,NAI,11.0,26.0,2012.0,3,,594073,,,,,,,,,,,,,,,,,,,
Watson Laboratories Inc,1,12,9,802315.0,21 CFR 211.192,Iowa,Des Moines,Drug Quality Assurance,VAI,11.0,26.0,2012.0,24,,127640,,,,,,,,,,,,,,,,,,,
Watson Laboratories Inc,1,12,9,802315.0,21 CFR 211.192,New Jersey,South Plainfield,Drug Quality Assurance,NAI,11.0,26.0,2012.0,17,,306502,,,,,,,,,,,,,,,,,,,
Watson Laboratories Inc,1,12,9,802315.0,21 CFR 211.192,New Jersey,South Plainfield,Postmarket Surv. and Epidemiology,NAI,11.0,26.0,2012.0,30,,652152,,,,,,,,,,,,,,,,,,,
Watson Laboratories Inc,1,12,9,802315.0,21 CFR 211.194(a)(2),California,Irvine,Drug Quality Assurance,NAI,11.0,26.0,2012.0,26,,774636,,,,,,,,,,,,,,,,,,,
Watson Laboratories Inc,1,12,9,802315.0,21 CFR 314.81(b)(1)(ii),Wyoming,Green River,Drug Quality Assurance,VAI,11.0,26.0,2012.0,21,,732521,,,,,,,,,,,,,,,,,,,
L. Perrigo Company,0,5,3,895649.0,21 CFR 211.160(a),New Jersey,Princeton,Bioresearch Monitoring,VAI,9.0,16.0,2014.0,7,,704381,,,,,,,,,,,,,,,,,,,
L. Perrigo Company,0,5,3,895649.0,21 CFR 211.165(e),Ohio,Lima,Drug Quality Assurance,NAI,9.0,16.0,2014.0,18,,120120,,,,,,,,,,,,,,,,,,,
L. Perrigo Company,0,5,3,795558.0,21 CFR 211.22(a),Washington,Mount Vernon,Drug Quality Assurance,NAI,8.0,24.0,2012.0,13,,615890,,,,,,,,,,,,,,,,,,,
L. Perrigo Company,0,5,3,795558.0,21 CFR 211.192,Utah,Salt Lake City,Bioresearch Monitoring,VAI,8.0,24.0,2012.0,8,,229809,,,,,,,,,,,,,,,,,,,
"Martin Avenue Pharmacy, Inc.",0,118,0,885413.0,21 CFR 211.42(c),North Carolina,Raleigh,Bioresearch Monitoring,NAI,7.0,21.0,2014.0,9,,298161,,,,,,,,,,,,,,,,,,,
"Martin Avenue Pharmacy, Inc.",0,118,0,885413.0,21 CFR 211.46(b),North Carolina,Asheville,Drug Quality Assurance,OAI,7.0,21.0,2014.0,21,,357534,,,,,,,,,,,,,,,,,,,
"Martin Avenue Pharmacy, Inc.",0,118,0,885413.0,21 CFR 211.65(a),California,Los Angeles,Bioresearch Monitoring,VAI,7.0,21.0,2014.0,14,,327280,,,,,,,,,,,,,,,,,,,
"Martin Avenue Pharmacy, Inc.",0,118,0,885413.0,21 CFR 211.67(a),Florida,Tamarac,Unapproved and Misbranded Drugs,VAI,7.0,21.0,2014.0,12,,406678,,,,,,,,,,,,,,,,,,,
"Martin Avenue Pharmacy, Inc.",0,118,0,885413.0,21 CFR 211.80(b),Florida,Palm Springs,Drug Quality Assurance,VAI,7.0,21.0,2014.0,22,,230416,,,,,,,,,,,,,,,,,,,
"Martin Avenue Pharmacy, Inc.",0,118,0,885413.0,21 CFR 211.84(d)(2),Florida,Palm Springs,Unapproved and Misbranded Drugs,NAI,7.0,21.0,2014.0,21,,219236,,,,,,,,,,,,,,,,,,,
"Martin Avenue Pharmacy, Inc.",0,118,0,885413.0,21 CFR 211.94(c),California,Los Angeles,Bioresearch Monitoring,VAI,7.0,21.0,2014.0,27,,135405,,,,,,,,,,,,,,,,,,,
"Martin Avenue Pharmacy, Inc.",0,118,0,885413.0,21 CFR 211.111,New Jersey,New Brunswick,Drug Quality Assurance,NAI,7.0,21.0,2014.0,37,,653459,,,,,,,,,,,,,,,,,,,
"Martin Avenue Pharmacy, Inc.",0,118,0,885413.0,21 CFR 211.166(a),California,La Verne,Bioresearch Monitoring,NAI,7.0,21.0,2014.0,16,,989174,,,,,,,,,,,,,,,,,,,
"Martin Avenue Pharmacy, Inc.",0,118,0,885413.0,21 CFR 211.167(a),California,City Of Industry,Drug Quality Assurance,NAI,7.0,21.0,2014.0,33,,785961,,,,,,,,,,,,,,,,,,,
Wells Pharmacy Network LLC,0,97,0,884768.0,21 CFR 211.22(a),Idaho,Boise,Drug Quality Assurance,NAI,6.0,19.0,2014.0,18,,914152,,,,,,,,,,,,,,,,,,,
Wells Pharmacy Network LLC,0,97,0,884768.0,21 CFR 211.28(a),New York,Amityville,Drug Quality Assurance,VAI,6.0,19.0,2014.0,7,,916597,,,,,,,,,,,,,,,,,,,
Wells Pharmacy Network LLC,0,97,0,884768.0,21 CFR 211.42(c)(10)(iii),New York,Amityville,Postmarket Surv. and Epidemiology,VAI,6.0,19.0,2014.0,32,,799567,,,,,,,,,,,,,,,,,,,
Wells Pharmacy Network LLC,0,97,0,884768.0,21 CFR 211.42(c)(10)(iv),Louisiana,Hammond,Bioresearch Monitoring,NAI,6.0,19.0,2014.0,34,,491610,,,,,,,,,,,,,,,,,,,
Wells Pharmacy Network LLC,0,97,0,884768.0,21 CFR 211.84(d)(2),Massachusetts,Hingham,Drug Quality Assurance,VAI,6.0,19.0,2014.0,2,,762331,,,,,,,,,,,,,,,,,,,
Wells Pharmacy Network LLC,0,97,0,884768.0,21 CFR 211.100(a),New York,Amityville,Drug Quality Assurance,VAI,6.0,19.0,2014.0,25,,656337,,,,,,,,,,,,,,,,,,,
Wells Pharmacy Network LLC,0,97,0,884768.0,21 CFR 211.113(b),New York,Amityville,Postmarket Surv. and Epidemiology,VAI,6.0,19.0,2014.0,40,,929368,,,,,,,,,,,,,,,,,,,
Wells Pharmacy Network LLC,0,97,0,884768.0,21 CFR 211.165(b),Rhode Island,Cumberland,Drug Quality Assurance,VAI,6.0,19.0,2014.0,11,,484318,,,,,,,,,,,,,,,,,,,
Wells Pharmacy Network LLC,0,97,0,884768.0,21 CFR 211.166(a),Minnesota,Minneapolis,Drug Quality Assurance,NAI,6.0,19.0,2014.0,35,,931033,,,,,,,,,,,,,,,,,,,
Wells Pharmacy Network LLC,0,97,0,884768.0,21 CFR 211.166(a)(5),California,La Mesa,Bioresearch Monitoring,VAI,6.0,19.0,2014.0,40,,886455,,,,,,,,,,,,,,,,,,,
Wells Pharmacy Network LLC,0,97,0,884768.0,21 CFR 211.188,Maine,Auburn,Bioresearch Monitoring,NAI,6.0,19.0,2014.0,35,,938409,,,,,,,,,,,,,,,,,,,
Wells Pharmacy Network LLC,0,97,0,884768.0,21 CFR 211.198(a),New Jersey,Edison,Drug Quality Assurance,NAI,6.0,19.0,2014.0,28,,356407,,,,,,,,,,,,,,,,,,,
Wells Pharmacy Network LLC,0,97,0,869135.0,21 CFR 211.28(a),New York,Albany,Bioresearch Monitoring,NAI,3.0,7.0,2014.0,29,,179197,,,,,,,,,,,,,,,,,,,
Wells Pharmacy Network LLC,0,97,0,869135.0,21 CFR 211.42(c)(10)(iv),New Jersey,Cherry Hill,Drug Quality Assurance,VAI,3.0,7.0,2014.0,34,,254429,,,,,,,,,,,,,,,,,,,
Wells Pharmacy Network LLC,0,97,0,869135.0,21 CFR 211.42(c)(10)(v),New York,New York,Unapproved and Misbranded Drugs,OAI,3.0,7.0,2014.0,19,,662544,,,,,,,,,,,,,,,,,,,
Wells Pharmacy Network LLC,0,97,0,869135.0,21 CFR 211.160(b)(4),Pennsylvania,Philadelphia,Bioresearch Monitoring,NAI,3.0,7.0,2014.0,11,,704358,,,,,,,,,,,,,,,,,,,
Wells Pharmacy Network LLC,0,97,0,869135.0,21 CFR 211.198(a),New Jersey,Hamilton,Drug Quality Assurance,NAI,3.0,7.0,2014.0,10,,391958,,,,,,,,,,,,,,,,,,,
Wells Pharmacy Network LLC,0,97,0,843527.0,21 CFR 211.42(c)(10)(iii),Ohio,Sharonville,Drug Quality Assurance,VAI,7.0,26.0,2013.0,37,,643703,,,,,,,,,,,,,,,,,,,
Wells Pharmacy Network LLC,0,97,0,843527.0,21 CFR 211.42(c)(10)(iv),Ohio,Cincinnati,Drug Quality Assurance,VAI,7.0,26.0,2013.0,31,,346211,,,,,,,,,,,,,,,,,,,
Wells Pharmacy Network LLC,0,97,0,843527.0,21 CFR 211.68(a),New Jersey,Cedar Grove,Drug Quality Assurance,VAI,7.0,26.0,2013.0,33,,946086,,,,,,,,,,,,,,,,,,,
Wells Pharmacy Network LLC,0,97,0,843527.0,21 CFR 211.113(b),New Jersey,Bridgewater,Bioresearch Monitoring,NAI,7.0,26.0,2013.0,18,,551283,,,,,,,,,,,,,,,,,,,
Wells Pharmacy Network LLC,0,97,0,843527.0,21 CFR 211.113(b),California,Fresno,Bioresearch Monitoring,OAI,7.0,26.0,2013.0,36,,870027,,,,,,,,,,,,,,,,,,,
Wells Pharmacy Network LLC,0,97,0,843527.0,21 CFR 211.165(a),Ohio,Columbus,Drug Quality Assurance,NAI,7.0,26.0,2013.0,27,,295404,,,,,,,,,,,,,,,,,,,
Wells Pharmacy Network LLC,0,97,0,843527.0,21 CFR 211.166(a),Ohio,Cincinnati,Drug Quality Assurance,VAI,7.0,26.0,2013.0,10,,574610,,,,,,,,,,,,,,,,,,,
Wells Pharmacy Network LLC,0,97,0,843527.0,21 CFR 211.192,Florida,Fort Lauderdale,Bioresearch Monitoring,NAI,7.0,26.0,2013.0,34,,190817,,,,,,,,,,,,,,,,,,,
Lupin Pharmaceuticals Inc.,4,12,24,880292.0,21 CFR 314.80(c)(1)(i),California,Anaheim,Drug Quality Assurance,VAI,5.0,23.0,2014.0,36,,513955,,,,,,,,,,,,,,,,,,,
Lupin Pharmaceuticals Inc.,4,12,24,761230.0,21 CFR 314.80(c)(1)(i),Washington,Spokane,Drug Quality Assurance,NAI,12.0,23.0,2011.0,24,,628348,,,,,,,,,,,,,,,,,,,
Lupin Pharmaceuticals Inc.,4,12,24,761230.0,21 CFR 314.80(c)(2),Michigan,Grand Rapids,Drug Quality Assurance,VAI,12.0,23.0,2011.0,29,,505981,,,,,,,,,,,,,,,,,,,
SCA Pharmaceuticals,8,55,0,877947.0,21 CFR 211.42(c)(10)(v),Minnesota,Wayzata,Postmarket Surv. and Epidemiology,NAI,4.0,2.0,2014.0,38,,274006,,,,,,,,,,,,,,,,,,,
SCA Pharmaceuticals,8,55,0,877947.0,21 CFR 211.42(c)(10)(vi),New Mexico,Los Alamos,Drug Quality Assurance,VAI,4.0,2.0,2014.0,34,,465525,,,,,,,,,,,,,,,,,,,
SCA Pharmaceuticals,8,55,0,877947.0,21 CFR 211.56(a),Texas,San Antonio,Drug Quality Assurance,NAI,4.0,2.0,2014.0,29,,892817,,,,,,,,,,,,,,,,,,,
SCA Pharmaceuticals,8,55,0,877947.0,21 CFR 211.113(b),Washington,Vancouver,Drug Quality Assurance,VAI,4.0,2.0,2014.0,27,,726207,,,,,,,,,,,,,,,,,,,
US Compounding Inc,1,62,0,874818.0,21 CFR 211.28(a),Missouri,Kansas City,Drug Quality Assurance,NAI,3.0,27.0,2014.0,39,,909043,,,,,,,,,,,,,,,,,,,
US Compounding Inc,1,62,0,874818.0,21 CFR 211.42(c)(10)(v),California,Chatsworth,Drug Quality Assurance,VAI,3.0,27.0,2014.0,29,,291427,,,,,,,,,,,,,,,,,,,
US Compounding Inc,1,62,0,874818.0,21 CFR 211.67(a),Maryland,Owings Mills,Bioresearch Monitoring,NAI,3.0,27.0,2014.0,20,,615401,,,,,,,,,,,,,,,,,,,
US Compounding Inc,1,62,0,874818.0,21 CFR 211.113(b),New Jersey,Pennsauken,Drug Quality Assurance,VAI,3.0,27.0,2014.0,12,,504945,,,,,,,,,,,,,,,,,,,
US Compounding Inc,1,62,0,874818.0,21 CFR 211.165(a),Texas,Arlington,Bioresearch Monitoring,VAI,3.0,27.0,2014.0,38,,130349,,,,,,,,,,,,,,,,,,,
US Compounding Inc,1,62,0,874818.0,21 CFR 211.167(a),New York,Norwich,Drug Quality Assurance,NAI,3.0,27.0,2014.0,21,,302518,,,,,,,,,,,,,,,,,,,
John W Hollis Inc,0,21,2,872604.0,21 CFR 211.28(a),Missouri,Creve Coeur,Bioresearch Monitoring,NAI,3.0,21.0,2014.0,14,,760674,,,,,,,,,,,,,,,,,,,
John W Hollis Inc,0,21,2,872604.0,21 CFR 211.42(a),Washington,Fife,Drug Quality Assurance,NAI,3.0,21.0,2014.0,20,,314431,,,,,,,,,,,,,,,,,,,
John W Hollis Inc,0,21,2,872604.0,21 CFR 211.42(c)(10)(iii),New York,Brookhaven,Drug Quality Assurance,VAI,3.0,21.0,2014.0,33,,108018,,,,,,,,,,,,,,,,,,,
John W Hollis Inc,0,21,2,872604.0,21 CFR 211.42(c)(10)(iv),Illinois,Chicago,Unapproved and Misbranded Drugs,VAI,3.0,21.0,2014.0,38,,598120,,,,,,,,,,,,,,,,,,,
John W Hollis Inc,0,21,2,872604.0,21 CFR 211.84(a),Maryland,Rockville,Bioresearch Monitoring,NAI,3.0,21.0,2014.0,30,,862197,,,,,,,,,,,,,,,,,,,
John W Hollis Inc,0,21,2,872604.0,21 CFR 211.94(c),California,Goleta,Drug Quality Assurance,VAI,3.0,21.0,2014.0,24,,703167,,,,,,,,,,,,,,,,,,,
John W Hollis Inc,0,21,2,872604.0,21 CFR 211.113(b),California,Goleta,Unapproved and Misbranded Drugs,VAI,3.0,21.0,2014.0,12,,541280,,,,,,,,,,,,,,,,,,,
John W Hollis Inc,0,21,2,872604.0,21 CFR 211.160(b)(4),Ohio,Dayton,Bioresearch Monitoring,NAI,3.0,21.0,2014.0,22,,283425,,,,,,,,,,,,,,,,,,,
John W Hollis Inc,0,21,2,872604.0,21 CFR 211.165(a),Texas,San Antonio,Bioresearch Monitoring,VAI,3.0,21.0,2014.0,18,,704362,,,,,,,,,,,,,,,,,,,
John W Hollis Inc,0,21,2,872604.0,21 CFR 211.166(a),Puerto Rico,Gurabo,Drug Quality Assurance,VAI,3.0,21.0,2014.0,13,,288126,,,,,,,,,,,,,,,,,,,
John W Hollis Inc,0,21,2,872604.0,21 CFR 211.167(a),New York,Holtsville,Drug Quality Assurance,OAI,3.0,21.0,2014.0,4,,159055,,,,,,,,,,,,,,,,,,,
"Ohm Laboratories, Inc.",0,1,22,872208.0,21 CFR 211.68(b),Minnesota,Eagan,Drug Quality Assurance,VAI,3.0,18.0,2014.0,29,,552089,,,,,,,,,,,,,,,,,,,
AstraZeneca Pharmaceuticals LP,0,3,1,853863.0,21 CFR 211.22(d),Pennsylvania,Pittsburgh,Bioresearch Monitoring,VAI,10.0,25.0,2013.0,26,,426184,,,,,,,,,,,,,,,,,,,
AstraZeneca Pharmaceuticals LP,0,3,1,853863.0,21 CFR 211.198(b)(2),New York,Grand Island,Drug Quality Assurance,OAI,10.0,25.0,2013.0,40,,607729,,,,,,,,,,,,,,,,,,,
"Aidapak Services, LLC",0,538,0,844026.0,21 CFR 211.58,Texas,Grand Saline,Drug Quality Assurance,NAI,7.0,31.0,2013.0,6,,146373,,,,,,,,,,,,,,,,,,,
"Aidapak Services, LLC",0,538,0,844026.0,21 CFR 211.67(b),South Carolina,Easley,Drug Quality Assurance,NAI,7.0,31.0,2013.0,38,,932819,,,,,,,,,,,,,,,,,,,
"Aidapak Services, LLC",0,538,0,844026.0,21 CFR 211.125(a),New York,New York,Drug Quality Assurance,VAI,7.0,31.0,2013.0,33,,195763,,,,,,,,,,,,,,,,,,,
"Aidapak Services, LLC",0,538,0,844026.0,21 CFR 211.130,New York,New York,Postmarket Surv. and Epidemiology,VAI,7.0,31.0,2013.0,24,,474570,,,,,,,,,,,,,,,,,,,
"Aidapak Services, LLC",0,538,0,844026.0,21 CFR 211.130(d),California,Los Angeles,Drug Quality Assurance,NAI,7.0,31.0,2013.0,26,,954725,,,,,,,,,,,,,,,,,,,
"Aidapak Services, LLC",0,538,0,844026.0,21 CFR 211.130(e),Missouri,Union,Drug Quality Assurance,NAI,7.0,31.0,2013.0,9,,980373,,,,,,,,,,,,,,,,,,,
"Aidapak Services, LLC",0,538,0,844026.0,21 CFR 211.170(b),Florida,Hialeah,Drug Quality Assurance,VAI,7.0,31.0,2013.0,20,,297124,,,,,,,,,,,,,,,,,,,
"Aidapak Services, LLC",0,538,0,844026.0,21 CFR 211.192,Florida,Hialeah,Unapproved and Misbranded Drugs,VAI,7.0,31.0,2013.0,18,,281987,,,,,,,,,,,,,,,,,,,
"Aidapak Services, LLC",0,538,0,792749.0,21 CFR 211.25(a),Texas,Austin,Drug Quality Assurance,NAI,6.0,19.0,2012.0,11,,145334,,,,,,,,,,,,,,,,,,,
"Aidapak Services, LLC",0,538,0,792749.0,21 CFR 211.28(a),New Jersey,Princeton,Bioresearch Monitoring,VAI,6.0,19.0,2012.0,24,,894044,,,,,,,,,,,,,,,,,,,
"Aidapak Services, LLC",0,538,0,792749.0,21 CFR 211.80(a),Maryland,Baltimore,Bioresearch Monitoring,NAI,6.0,19.0,2012.0,6,,204649,,,,,,,,,,,,,,,,,,,
"Aidapak Services, LLC",0,538,0,705885.0,21 CFR 211.25(a),Alabama,Homewood,Drug Quality Assurance,OAI,1.0,6.0,2011.0,22,,874981,,,,,,,,,,,,,,,,,,,
"Aidapak Services, LLC",0,538,0,705885.0,21 CFR 211.42(c),Vermont,Bennington,Bioresearch Monitoring,NAI,1.0,6.0,2011.0,28,,282560,,,,,,,,,,,,,,,,,,,
"Aidapak Services, LLC",0,538,0,705885.0,21 CFR 211.67(a),Florida,Ocala,Bioresearch Monitoring,VAI,1.0,6.0,2011.0,26,,245205,,,,,,,,,,,,,,,,,,,
"Aidapak Services, LLC",0,538,0,705885.0,21 CFR 211.125(f),Alabama,Montgomery,Bioresearch Monitoring,NAI,1.0,6.0,2011.0,32,,243301,,,,,,,,,,,,,,,,,,,
"Aidapak Services, LLC",0,538,0,705885.0,21 CFR 211.166(a),Virginia,Charlottesville,Drug Quality Assurance,VAI,1.0,6.0,2011.0,10,,820733,,,,,,,,,,,,,,,,,,,
"Aidapak Services, LLC",0,538,0,705885.0,21 CFR 211.176,New Hampshire,Salem,Drug Quality Assurance,VAI,1.0,6.0,2011.0,17,,274462,,,,,,,,,,,,,,,,,,,
"Beacon Hill Medical Pharmacy, P.C.",0,86,0,841366.0,21 CFR 211.22(d),Tennessee,Cookeville,Drug Quality Assurance,NAI,7.0,19.0,2013.0,39,,457758,,,,,,,,,,,,,,,,,,,
"Beacon Hill Medical Pharmacy, P.C.",0,86,0,841366.0,21 CFR 211.63,New York,Middleburgh,Drug Quality Assurance,NAI,7.0,19.0,2013.0,23,,293416,,,,,,,,,,,,,,,,,,,
"Beacon Hill Medical Pharmacy, P.C.",0,86,0,841366.0,21 CFR 211.67(a),California,Sacramento,Unapproved and Misbranded Drugs,VAI,7.0,19.0,2013.0,14,,816861,,,,,,,,,,,,,,,,,,,
"Beacon Hill Medical Pharmacy, P.C.",0,86,0,841366.0,21 CFR 211.94(c),California,Carson,Bioresearch Monitoring,NAI,7.0,19.0,2013.0,10,,339496,,,,,,,,,,,,,,,,,,,
"Beacon Hill Medical Pharmacy, P.C.",0,86,0,841366.0,21 CFR 211.111,Illinois,Libertyville,Drug Quality Assurance,NAI,7.0,19.0,2013.0,8,,731403,,,,,,,,,,,,,,,,,,,
"Beacon Hill Medical Pharmacy, P.C.",0,86,0,841366.0,21 CFR 211.113(b),North Carolina,Charlotte,Bioresearch Monitoring,NAI,7.0,19.0,2013.0,34,,506454,,,,,,,,,,,,,,,,,,,
"Beacon Hill Medical Pharmacy, P.C.",0,86,0,841366.0,21 CFR 211.160(a),Ohio,Cincinnati,Bioresearch Monitoring,NAI,7.0,19.0,2013.0,30,,535546,,,,,,,,,,,,,,,,,,,
"Beacon Hill Medical Pharmacy, P.C.",0,86,0,841366.0,21 CFR 211.188(b),Missouri,Saint Louis,Bioresearch Monitoring,NAI,7.0,19.0,2013.0,7,,107226,,,,,,,,,,,,,,,,,,,
"Blenheim Pharmacal, Inc.",0,2,0,835574.0,21 CFR 211.100(b),Pennsylvania,Levittown,Drug Quality Assurance,VAI,6.0,19.0,2013.0,10,,215745,,,,,,,,,,,,,,,,,,,
"Blenheim Pharmacal, Inc.",0,2,0,835574.0,21 CFR 211.142(b),Virginia,Lynchburg,Drug Quality Assurance,VAI,6.0,19.0,2013.0,30,,550535,,,,,,,,,,,,,,,,,,,
"Blenheim Pharmacal, Inc.",0,2,0,783890.0,21 CFR 211.130,Florida,Deerfield Beach,Unapproved and Misbranded Drugs,NAI,5.0,18.0,2012.0,24,,587937,,,,,,,,,,,,,,,,,,,
"Blenheim Pharmacal, Inc.",0,2,0,783890.0,21 CFR 211.130(e),Utah,West Haven,Unapproved and Misbranded Drugs,VAI,5.0,18.0,2012.0,30,,604048,,,,,,,,,,,,,,,,,,,
"Blenheim Pharmacal, Inc.",0,2,0,730684.0,21 CFR 211.122(a),California,Anaheim,Bioresearch Monitoring,VAI,6.0,17.0,2011.0,11,,453874,,,,,,,,,,,,,,,,,,,
"Blenheim Pharmacal, Inc.",0,2,0,730684.0,21 CFR 211.184(e),Texas,San Antonio,Drug Quality Assurance,VAI,6.0,17.0,2011.0,22,,293089,,,,,,,,,,,,,,,,,,,
"Main Street Family Pharmacy, LLC",2,297,0,838639.0,21 CFR 211.22(a),Mississippi,Olive Branch,Postmarket Surv. and Epidemiology,VAI,6.0,11.0,2013.0,22,,442285,,,,,,,,,,,,,,,,,,,
"Main Street Family Pharmacy, LLC",2,297,0,838639.0,21 CFR 211.28(a),Pennsylvania,Philadelphia,Bioresearch Monitoring,VAI,6.0,11.0,2013.0,21,,505263,,,,,,,,,,,,,,,,,,,
"Main Street Family Pharmacy, LLC",2,297,0,838639.0,21 CFR 211.42(a),California,South San Francisco,Postmarket Surv. and Epidemiology,NAI,6.0,11.0,2013.0,5,,168389,,,,,,,,,,,,,,,,,,,
"Main Street Family Pharmacy, LLC",2,297,0,838639.0,21 CFR 211.56(a),Connecticut,Cheshire,Drug Quality Assurance,NAI,6.0,11.0,2013.0,5,,866496,,,,,,,,,,,,,,,,,,,
"Main Street Family Pharmacy, LLC",2,297,0,838639.0,21 CFR 211.56(b),Massachusetts,Cambridge,Bioresearch Monitoring,NAI,6.0,11.0,2013.0,33,,693165,,,,,,,,,,,,,,,,,,,
"Main Street Family Pharmacy, LLC",2,297,0,838639.0,21 CFR 211.63,New Jersey,Lodi,Drug Quality Assurance,NAI,6.0,11.0,2013.0,31,,647395,,,,,,,,,,,,,,,,,,,
"Main Street Family Pharmacy, LLC",2,297,0,838639.0,21 CFR 211.68(a),New York,New York,Bioresearch Monitoring,NAI,6.0,11.0,2013.0,14,,217844,,,,,,,,,,,,,,,,,,,
"Main Street Family Pharmacy, LLC",2,297,0,838639.0,21 CFR 211.80(b),Michigan,Holland,Drug Quality Assurance,VAI,6.0,11.0,2013.0,28,,392572,,,,,,,,,,,,,,,,,,,
"Main Street Family Pharmacy, LLC",2,297,0,838639.0,21 CFR 211.84(a),North Carolina,Durham,Bioresearch Monitoring,NAI,6.0,11.0,2013.0,39,,150526,,,,,,,,,,,,,,,,,,,
"Main Street Family Pharmacy, LLC",2,297,0,838639.0,21 CFR 211.89,Virginia,Elkton,Drug Quality Assurance,VAI,6.0,11.0,2013.0,13,,431078,,,,,,,,,,,,,,,,,,,
"Main Street Family Pharmacy, LLC",2,297,0,838639.0,21 CFR 211.100(a),Kentucky,Fountain Run,Drug Quality Assurance,NAI,6.0,11.0,2013.0,3,,661140,,,,,,,,,,,,,,,,,,,
"Main Street Family Pharmacy, LLC",2,297,0,838639.0,21 CFR 211.111,Texas,Austin,Drug Quality Assurance,VAI,6.0,11.0,2013.0,27,,190468,,,,,,,,,,,,,,,,,,,
"Main Street Family Pharmacy, LLC",2,297,0,838639.0,21 CFR 211.113(b),New York,Westbury,Drug Quality Assurance,VAI,6.0,11.0,2013.0,32,,581917,,,,,,,,,,,,,,,,,,,
"Main Street Family Pharmacy, LLC",2,297,0,838639.0,21 CFR 211.113(b),Pennsylvania,Philadelphia,Drug Quality Assurance,NAI,6.0,11.0,2013.0,6,,202400,,,,,,,,,,,,,,,,,,,
"Main Street Family Pharmacy, LLC",2,297,0,838639.0,21 CFR 211.165(a),Florida,Miami,Bioresearch Monitoring,VAI,6.0,11.0,2013.0,8,,494401,,,,,,,,,,,,,,,,,,,
"Main Street Family Pharmacy, LLC",2,297,0,838639.0,21 CFR 211.167(a),Minnesota,Eden Prairie,Drug Quality Assurance,NAI,6.0,11.0,2013.0,17,,115297,,,,,,,,,,,,,,,,,,,
"Main Street Family Pharmacy, LLC",2,297,0,838639.0,21 CFR 211.170(a),Minnesota,Brooklyn Park,Drug Quality Assurance,NAI,6.0,11.0,2013.0,17,,969418,,,,,,,,,,,,,,,,,,,
"Main Street Family Pharmacy, LLC",2,297,0,838639.0,21 CFR 211.182,Texas,San Antonio,Bioresearch Monitoring,VAI,6.0,11.0,2013.0,7,,345187,,,,,,,,,,,,,,,,,,,
"Main Street Family Pharmacy, LLC",2,297,0,838639.0,21 CFR 211.188,California,Los Angeles,Drug Quality Assurance,VAI,6.0,11.0,2013.0,28,,614947,,,,,,,,,,,,,,,,,,,
"Taro Pharmaceuticals U.S.A., Inc.",0,6,8,827465.0,21 CFR 211.198(a),New York,Farmingdale,Unapproved and Misbranded Drugs,VAI,4.0,18.0,2013.0,3,,901994,,,,,,,,,,,,,,,,,,,
"Taro Pharmaceuticals U.S.A., Inc.",0,6,8,827465.0,21 CFR 314.80(b),New Mexico,Albuquerque,Bioresearch Monitoring,NAI,4.0,18.0,2013.0,32,,923211,,,,,,,,,,,,,,,,,,,
"Taro Pharmaceuticals U.S.A., Inc.",0,6,8,827465.0,21 CFR 314.80(c),Kentucky,Louisville,Unapproved and Misbranded Drugs,NAI,4.0,18.0,2013.0,4,,804925,,,,,,,,,,,,,,,,,,,
"Taro Pharmaceuticals U.S.A., Inc.",0,6,8,769594.0,21 CFR 314.80(c)(1)(i),New Jersey,North Bergen,Drug Quality Assurance,VAI,3.0,8.0,2012.0,29,,714639,,,,,,,,,,,,,,,,,,,
"Taro Pharmaceuticals U.S.A., Inc.",0,6,8,769594.0,21 CFR 314.80(f)(1),California,Pleasanton,Drug Quality Assurance,OAI,3.0,8.0,2012.0,7,,550642,,,,,,,,,,,,,,,,,,,
Clinical Specialties Compounding Pharmacy,0,50,0,827045.0,21 CFR 211.25(a),Ohio,Cincinnati,Drug Quality Assurance,VAI,4.0,2.0,2013.0,40,,744096,,,,,,,,,,,,,,,,,,,
Clinical Specialties Compounding Pharmacy,0,50,0,827045.0,21 CFR 211.25(c),Ohio,Cincinnati,Prescription Drug Advertising and Labelling,NAI,4.0,2.0,2013.0,16,,767779,,,,,,,,,,,,,,,,,,,
Clinical Specialties Compounding Pharmacy,0,50,0,827045.0,21 CFR 211.42(b),California,Burbank,Drug Quality Assurance,VAI,4.0,2.0,2013.0,34,,379647,,,,,,,,,,,,,,,,,,,
Clinical Specialties Compounding Pharmacy,0,50,0,827045.0,21 CFR 211.42(c)(10)(iv),California,Burbank,Drug Quality Assurance,VAI,4.0,2.0,2013.0,23,,147702,,,,,,,,,,,,,,,,,,,
Clinical Specialties Compounding Pharmacy,0,50,0,827045.0,21 CFR 211.42(c)(10)(v),California,Burbank,Drug Quality Assurance,VAI,4.0,2.0,2013.0,9,,127572,,,,,,,,,,,,,,,,,,,
Clinical Specialties Compounding Pharmacy,0,50,0,827045.0,21 CFR 211.113(b),Florida,Key Colony Beach,Unapproved and Misbranded Drugs,OAI,4.0,2.0,2013.0,10,,821240,,,,,,,,,,,,,,,,,,,
Clinical Specialties Compounding Pharmacy,0,50,0,827045.0,21 CFR 211.150(b),New Jersey,Edison,Drug Quality Assurance,VAI,4.0,2.0,2013.0,39,,803845,,,,,,,,,,,,,,,,,,,
Clinical Specialties Compounding Pharmacy,0,50,0,827045.0,21 CFR 211.166(a),California,Irvine,Drug Quality Assurance,NAI,4.0,2.0,2013.0,2,,251312,,,,,,,,,,,,,,,,,,,
"Medaus, Inc.",0,95,1,824093.0,21 CFR 211.28(a),North Carolina,Asheville,Drug Quality Assurance,NAI,3.0,22.0,2013.0,27,,913762,,,,,,,,,,,,,,,,,,,
"Medaus, Inc.",0,95,1,824093.0,21 CFR 211.111,South Carolina,Taylors,Bioresearch Monitoring,VAI,3.0,22.0,2013.0,40,,436361,,,,,,,,,,,,,,,,,,,
"Medaus, Inc.",0,95,1,824093.0,21 CFR 211.113(b),Connecticut,Plainville,Drug Quality Assurance,VAI,3.0,22.0,2013.0,6,,632674,,,,,,,,,,,,,,,,,,,
"Medaus, Inc.",0,95,1,824093.0,21 CFR 211.113(b),Ohio,Westlake,Drug Quality Assurance,VAI,3.0,22.0,2013.0,9,,710202,,,,,,,,,,,,,,,,,,,
"Medaus, Inc.",0,95,1,824093.0,21 CFR 211.142(b),North Carolina,Durham,Drug Quality Assurance,VAI,3.0,22.0,2013.0,30,,427743,,,,,,,,,,,,,,,,,,,
"Medaus, Inc.",0,95,1,824093.0,21 CFR 211.160(b)(1),Michigan,Hemlock,Drug Quality Assurance,VAI,3.0,22.0,2013.0,38,,456402,,,,,,,,,,,,,,,,,,,
"Medaus, Inc.",0,95,1,824093.0,21 CFR 211.165(a),California,San Francisco,Drug Quality Assurance,VAI,3.0,22.0,2013.0,38,,452409,,,,,,,,,,,,,,,,,,,
"Medaus, Inc.",0,95,1,824093.0,21 CFR 211.166(b),Arizona,Tempe,Drug Quality Assurance,OAI,3.0,22.0,2013.0,28,,143759,,,,,,,,,,,,,,,,,,,
"Medaus, Inc.",0,95,1,824093.0,21 CFR 211.167(a),New Jersey,North Brunswick,Postmarket Surv. and Epidemiology,NAI,3.0,22.0,2013.0,33,,601215,,,,,,,,,,,,,,,,,,,
"FVS Holdings, Inc. dba. Green Valley Drugs",0,78,0,822999.0,21 CFR 211.28(a),Illinois,Granite City,Drug Quality Assurance,NAI,3.0,15.0,2013.0,40,,422887,,,,,,,,,,,,,,,,,,,
"FVS Holdings, Inc. dba. Green Valley Drugs",0,78,0,822999.0,21 CFR 211.42(c),Ohio,Canton,Drug Quality Assurance,VAI,3.0,15.0,2013.0,10,,773532,,,,,,,,,,,,,,,,,,,
"FVS Holdings, Inc. dba. Green Valley Drugs",0,78,0,822999.0,21 CFR 211.42(c)(10)(iv),Michigan,Saginaw,Bioresearch Monitoring,VAI,3.0,15.0,2013.0,30,,904134,,,,,,,,,,,,,,,,,,,
"FVS Holdings, Inc. dba. Green Valley Drugs",0,78,0,822999.0,21 CFR 211.42(c)(10)(v),Pennsylvania,Conshohocken,Bioresearch Monitoring,VAI,3.0,15.0,2013.0,16,,275867,,,,,,,,,,,,,,,,,,,
"FVS Holdings, Inc. dba. Green Valley Drugs",0,78,0,822999.0,21 CFR 211.80(b),Wisconsin,Monroe,Drug Quality Assurance,VAI,3.0,15.0,2013.0,13,,581686,,,,,,,,,,,,,,,,,,,
"FVS Holdings, Inc. dba. Green Valley Drugs",0,78,0,822999.0,21 CFR 211.113(b),Tennessee,Nashville,Bioresearch Monitoring,VAI,3.0,15.0,2013.0,27,,939606,,,,,,,,,,,,,,,,,,,
"FVS Holdings, Inc. dba. Green Valley Drugs",0,78,0,822999.0,21 CFR 211.113(b),Michigan,Bay City,Drug Quality Assurance,NAI,3.0,15.0,2013.0,38,,705859,,,,,,,,,,,,,,,,,,,
"FVS Holdings, Inc. dba. Green Valley Drugs",0,78,0,822999.0,21 CFR 211.166(a),Ohio,Columbus,Drug Quality Assurance,VAI,3.0,15.0,2013.0,10,,299984,,,,,,,,,,,,,,,,,,,
"FVS Holdings, Inc. dba. Green Valley Drugs",0,78,0,822999.0,21 CFR 211.192,Nevada,Reno,Unapproved and Misbranded Drugs,VAI,3.0,15.0,2013.0,10,,857338,,,,,,,,,,,,,,,,,,,
Axium Healthcare Pharmacy dba Balanced Solutions Compounding,0,26,0,823282.0,21 CFR 211.28(a),California,Livermore,Drug Quality Assurance,VAI,3.0,15.0,2013.0,29,,325272,,,,,,,,,,,,,,,,,,,
Axium Healthcare Pharmacy dba Balanced Solutions Compounding,0,26,0,823282.0,21 CFR 211.42(c)(1),New Jersey,Bellmawr,Drug Quality Assurance,NAI,3.0,15.0,2013.0,4,,546862,,,,,,,,,,,,,,,,,,,
Axium Healthcare Pharmacy dba Balanced Solutions Compounding,0,26,0,823282.0,21 CFR 211.42(c)(10)(iv),Georgia,Marietta,Bioresearch Monitoring,VAI,3.0,15.0,2013.0,14,,301197,,,,,,,,,,,,,,,,,,,
Axium Healthcare Pharmacy dba Balanced Solutions Compounding,0,26,0,823282.0,21 CFR 211.67(a),California,South San Francisco,Bioresearch Monitoring,NAI,3.0,15.0,2013.0,40,,979116,,,,,,,,,,,,,,,,,,,
Axium Healthcare Pharmacy dba Balanced Solutions Compounding,0,26,0,823282.0,21 CFR 211.113(b),North Carolina,Winston Salem,Bioresearch Monitoring,NAI,3.0,15.0,2013.0,37,,785803,,,,,,,,,,,,,,,,,,,
Axium Healthcare Pharmacy dba Balanced Solutions Compounding,0,26,0,823282.0,21 CFR 211.113(b),Florida,Orlando,Bioresearch Monitoring,OAI,3.0,15.0,2013.0,4,,250265,,,,,,,,,,,,,,,,,,,
Novartis Pharmaceuticals Corp.,1,15,9,811624.0,21 CFR 211.100(a),Texas,Dallas,Drug Quality Assurance,VAI,12.0,19.0,2012.0,7,,115577,,,,,,,,,,,,,,,,,,,
Novartis Pharmaceuticals Corp.,1,15,9,811624.0,21 CFR 211.180(e)(1),Tennessee,Cleveland,Drug Quality Assurance,NAI,12.0,19.0,2012.0,10,,215814,,,,,,,,,,,,,,,,,,,
Novartis Pharmaceuticals Corp.,1,15,9,764997.0,21 CFR 211.22(d),Washington,Seattle,Bioresearch Monitoring,OAI,1.0,31.0,2012.0,37,,165726,,,,,,,,,,,,,,,,,,,
Novartis Pharmaceuticals Corp.,1,15,9,764997.0,21 CFR 211.111,Florida,Sarasota,Drug Quality Assurance,NAI,1.0,31.0,2012.0,8,,587802,,,,,,,,,,,,,,,,,,,
Novartis Pharmaceuticals Corp.,1,15,9,764997.0,21 CFR 211.186(b)(7),Missouri,Kennett,Drug Quality Assurance,NAI,1.0,31.0,2012.0,35,,802366,,,,,,,,,,,,,,,,,,,
Novartis Pharmaceuticals Corp.,1,15,9,704290.0,21 CFR 211.100(a),Connecticut,Terryville,Drug Quality Assurance,VAI,12.0,21.0,2010.0,7,,968757,,,,,,,,,,,,,,,,,,,
Novartis Pharmaceuticals Corp.,1,15,9,704290.0,21 CFR 211.100(a),Texas,San Antonio,Bioresearch Monitoring,NAI,12.0,21.0,2010.0,24,,214209,,,,,,,,,,,,,,,,,,,
Novartis Pharmaceuticals Corp.,1,15,9,704290.0,21 CFR 211.100(b),California,Thousand Oaks,Bioresearch Monitoring,NAI,12.0,21.0,2010.0,19,,392870,,,,,,,,,,,,,,,,,,,
Novartis Pharmaceuticals Corp.,1,15,9,704290.0,21 CFR 211.110(c),New York,Syracuse,Drug Quality Assurance,NAI,12.0,21.0,2010.0,18,,416845,,,,,,,,,,,,,,,,,,,
Novartis Pharmaceuticals Corp.,1,15,9,704290.0,21 CFR 211.166(a),New York,Norwich,Drug Quality Assurance,NAI,12.0,21.0,2010.0,25,,365409,,,,,,,,,,,,,,,,,,,
Novartis Pharmaceuticals Corp.,1,15,9,704290.0,21 CFR 211.166(a),Missouri,Creve Coeur,Bioresearch Monitoring,NAI,12.0,21.0,2010.0,15,,615955,,,,,,,,,,,,,,,,,,,
Novartis Pharmaceuticals Corp.,1,15,9,704290.0,21 CFR 211.188(b)(6),North Carolina,Kernersville,Drug Quality Assurance,VAI,12.0,21.0,2010.0,35,,480632,,,,,,,,,,,,,,,,,,,
Novartis Pharmaceuticals Corp.,1,15,9,704290.0,21 CFR 211.192,Texas,Fort Worth,Drug Quality Assurance,VAI,12.0,21.0,2010.0,12,,965758,,,,,,,,,,,,,,,,,,,
Novartis Pharmaceuticals Corp.,1,15,9,704290.0,21 CFR 211.198(a),Texas,Dallas,Drug Quality Assurance,NAI,12.0,21.0,2010.0,30,,548058,,,,,,,,,,,,,,,,,,,
Novartis Pharmaceuticals Corp.,1,15,9,680379.0,21 CFR 211.130(e),Rhode Island,Portsmouth,Drug Quality Assurance,OAI,9.0,16.0,2010.0,5,,828879,,,,,,,,,,,,,,,,,,,
Torrent Pharma Inc,0,42,0,807963.0,21 CFR 211.58,Kentucky,Morehead,Bioresearch Monitoring,NAI,11.0,21.0,2012.0,29,,175324,,,,,,,,,,,,,,,,,,,
Torrent Pharma Inc,0,42,0,807963.0,21 CFR 211.192,Alabama,Arab,Drug Quality Assurance,NAI,11.0,21.0,2012.0,9,,806870,,,,,,,,,,,,,,,,,,,
"Hospira, Inc.",1,8,2,792357.0,21 CFR 211.100(a),California,Huntington Beach,Drug Quality Assurance,VAI,7.0,26.0,2012.0,11,,500969,,,,,,,,,,,,,,,,,,,
"Hospira, Inc.",1,8,2,792357.0,21 CFR 211.110(a),California,Huntington Beach,Unapproved and Misbranded Drugs,VAI,7.0,26.0,2012.0,22,,718641,,,,,,,,,,,,,,,,,,,
"Hospira, Inc.",1,8,2,792357.0,21 CFR 314.81(b)(1)(ii),Washington,Tacoma,Bioresearch Monitoring,NAI,7.0,26.0,2012.0,39,,965379,,,,,,,,,,,,,,,,,,,
"Hospira, Inc.",1,8,2,771666.0,21 CFR 211.192,Colorado,Denver,Drug Quality Assurance,VAI,3.0,9.0,2012.0,39,,257027,,,,,,,,,,,,,,,,,,,
Apotex Corp.,2,5,3,738828.0,21 CFR 314.80(c)(1)(i),Pennsylvania,Wayne,Drug Quality Assurance,NAI,8.0,10.0,2011.0,14,,864330,,,,,,,,,,,,,,,,,,,
Zydus Pharmaceuticals USA Inc,1,33,6,710971.0,21 CFR 314.80(b),South Carolina,Beech Island,Drug Quality Assurance,NAI,2.0,22.0,2011.0,36,,279171,,,,,,,,,,,,,,,,,,,
