ID,Reason for failure,State,City,Project Area,Inspection Classification,Facility Name,Month,Day,Year,Age of Facility,Main drug name,Size of Facility,Other drugs,Bachelors count,Masters count,Ph.D. Count,Number of employees,Annual revenue,Project area,Date of Inspection,Generic or brand?,Price of Drug,Specialty Drug?,Over-the-counter?,Number of facilities,Warning Letter?,Medicine focus,Past recalls,Class I recalls,Class II recalls,Class III recalls,Strength of active,List of active,List of inactive
1085911,21 CFR 211.67(b),California,Foster City,Drug Quality Assurance,NAI,Aurohealth LLC,4,11,2019,7,,1,,,,,,,,,,,,,,,,,,,,,,
1077356,21 CFR 314.80(c)(2),New Jersey,Somers Point,Bioresearch Monitoring,NAI,"Rising Pharmaceuticals, Inc.",1,28,2019,12,,2,,,,,,,,,,,,,,,,,,,,,,
1075479,21 CFR 211.22(d),New Jersey,Florham Park,Postmarket Surv. and Epidemiology,NAI,Baxter Healthcare Corporation,12,21,2018,24,,2,,,,,,,,,,,,,,,,,,,,,,
1075479,21 CFR 211.58,Kentucky,Lexington,Drug Quality Assurance,NAI,Baxter Healthcare Corporation,12,21,2018,7,,5,,,,,,,,,,,,,,,,,,,,,,
1075479,21 CFR 211.67(c),Texas,Dallas,Bioresearch Monitoring,VAI,Baxter Healthcare Corporation,12,21,2018,26,,10,,,,,,,,,,,,,,,,,,,,,,
1075479,21 CFR 211.100(a),Florida,Palm Springs,Bioresearch Monitoring,NAI,Baxter Healthcare Corporation,12,21,2018,31,,10,,,,,,,,,,,,,,,,,,,,,,
1075479,21 CFR 211.166(a),Tennessee,Memphis,Bioresearch Monitoring,NAI,Baxter Healthcare Corporation,12,21,2018,34,,2,,,,,,,,,,,,,,,,,,,,,,
1075479,21 CFR 211.166(a)(1),New York,New York,Bioresearch Monitoring,NAI,Baxter Healthcare Corporation,12,21,2018,30,,3,,,,,,,,,,,,,,,,,,,,,,
1075479,21 CFR 211.192,Michigan,Ann Arbor,Bioresearch Monitoring,NAI,Baxter Healthcare Corporation,12,21,2018,39,,9,,,,,,,,,,,,,,,,,,,,,,
1073956,21 CFR 211.25(a),Minnesota,Northfield,Drug Quality Assurance,NAI,L'Oreal USA Products Inc,11,29,2018,36,,7,,,,,,,,,,,,,,,,,,,,,,
1073956,21 CFR 211.165(b),Indiana,Crown Point,Drug Quality Assurance,NAI,L'Oreal USA Products Inc,11,29,2018,37,,2,,,,,,,,,,,,,,,,,,,,,,
1073956,21 CFR 211.170(b),Florida,Tampa,Bioresearch Monitoring,NAI,L'Oreal USA Products Inc,11,29,2018,37,,1,,,,,,,,,,,,,,,,,,,,,,
1073956,21 CFR 211.194(a)(1),Texas,Dallas,Bioresearch Monitoring,NAI,L'Oreal USA Products Inc,11,29,2018,24,,3,,,,,,,,,,,,,,,,,,,,,,
1070336,21 CFR 211.113(b),Connecticut,Groton,Bioresearch Monitoring,NAI,Merck Sharp & Dohme Corp.,10,30,2018,2,,1,,,,,,,,,,,,,,,,,,,,,,
1069929,21 CFR 211.188(b)(5),California,San Diego,Drug Quality Assurance,VAI,Baxter Healthcare Corporation,10,24,2018,12,,7,,,,,,,,,,,,,,,,,,,,,,
1065227,21 CFR 211.22(d),Utah,Salt Lake City,Drug Quality Assurance,VAI,GlaxoSmithKline LLC,9,11,2018,17,,5,,,,,,,,,,,,,,,,,,,,,,
1065227,21 CFR 211.110(a),Tennessee,Knoxville,Drug Quality Assurance,NAI,GlaxoSmithKline LLC,9,11,2018,17,,6,,,,,,,,,,,,,,,,,,,,,,
1057924,21 CFR 211.192,California,Inglewood,Bioresearch Monitoring,VAI,"Genentech, Inc.",7,5,2018,11,,1,,,,,,,,,,,,,,,,,,,,,,
1058302,21 CFR 314.80(c)(1)(i),Colorado,Parker,Drug Quality Assurance,VAI,AbbVie Inc.,7,2,2018,13,,4,,,,,,,,,,,,,,,,,,,,,,
1049214,21 CFR 211.22(d),Texas,Ennis,Drug Quality Assurance,NAI,Guardian Pharmacy Services,4,20,2018,24,,5,,,,,,,,,,,,,,,,,,,,,,
1049214,21 CFR 211.42(c)(10)(iv),California,Oceanside,Bioresearch Monitoring,NAI,Guardian Pharmacy Services,4,20,2018,32,,3,,,,,,,,,,,,,,,,,,,,,,
1049214,21 CFR 211.42(c)(10)(v),Maryland,Baltimore,Bioresearch Monitoring,NAI,Guardian Pharmacy Services,4,20,2018,8,,5,,,,,,,,,,,,,,,,,,,,,,
1049214,21 CFR 211.46(c),Illinois,Oak Brook,Drug Quality Assurance,NAI,Guardian Pharmacy Services,4,20,2018,28,,4,,,,,,,,,,,,,,,,,,,,,,
1049214,21 CFR 211.63,Florida,Brandon,Bioresearch Monitoring,NAI,Guardian Pharmacy Services,4,20,2018,28,,2,,,,,,,,,,,,,,,,,,,,,,
1049214,21 CFR 211.113(b),Illinois,Peoria,Bioresearch Monitoring,NAI,Guardian Pharmacy Services,4,20,2018,37,,9,,,,,,,,,,,,,,,,,,,,,,
1047915,21 CFR 211.22(d),Texas,Houston,Bioresearch Monitoring,VAI,Mylan Pharmaceuticals Inc.,4,12,2018,37,,5,,,,,,,,,,,,,,,,,,,,,,
1047915,21 CFR 211.67(a),Ohio,Lima,Drug Quality Assurance,NAI,Mylan Pharmaceuticals Inc.,4,12,2018,27,,8,,,,,,,,,,,,,,,,,,,,,,
1047915,21 CFR 211.67(b),Iowa,Spencer,Drug Quality Assurance,NAI,Mylan Pharmaceuticals Inc.,4,12,2018,31,,5,,,,,,,,,,,,,,,,,,,,,,
1047915,21 CFR 211.100(a),Texas,Houston,Bioresearch Monitoring,NAI,Mylan Pharmaceuticals Inc.,4,12,2018,13,,3,,,,,,,,,,,,,,,,,,,,,,
1047915,21 CFR 211.160(b),Pennsylvania,Warrington,Drug Quality Assurance,OAI,Mylan Pharmaceuticals Inc.,4,12,2018,15,,10,,,,,,,,,,,,,,,,,,,,,,
1047915,21 CFR 211.170(b),Florida,Miramar,Drug Quality Assurance,VAI,Mylan Pharmaceuticals Inc.,4,12,2018,20,,8,,,,,,,,,,,,,,,,,,,,,,
1047915,21 CFR 211.192,Ohio,Old Fort,Drug Quality Assurance,VAI,Mylan Pharmaceuticals Inc.,4,12,2018,8,,5,,,,,,,,,,,,,,,,,,,,,,
1047915,21 CFR 211.198(b)(2),California,North Hills,Drug Quality Assurance,OAI,Mylan Pharmaceuticals Inc.,4,12,2018,2,,4,,,,,,,,,,,,,,,,,,,,,,
1046205,21 CFR 211.103,Ohio,Cincinnati,Bioresearch Monitoring,VAI,RemedyRepack Inc.,3,30,2018,3,,7,,,,,,,,,,,,,,,,,,,,,,
1046205,21 CFR 211.170(b)(1),Pennsylvania,Exton,Bioresearch Monitoring,NAI,RemedyRepack Inc.,3,30,2018,22,,9,,,,,,,,,,,,,,,,,,,,,,
1045988,21 CFR 211.84(d)(2),Ohio,Columbus,Bioresearch Monitoring,VAI,Cantrell Drug Company,3,22,2018,10,,8,,,,,,,,,,,,,,,,,,,,,,
1045988,21 CFR 211.113(b),Georgia,Conyers,Drug Quality Assurance,OAI,Cantrell Drug Company,3,22,2018,29,,2,,,,,,,,,,,,,,,,,,,,,,
1045988,21 CFR 211.192,Colorado,Denver,Bioresearch Monitoring,NAI,Cantrell Drug Company,3,22,2018,10,,6,,,,,,,,,,,,,,,,,,,,,,
1045988,21 CFR 211.198(a),North Carolina,Durham,Bioresearch Monitoring,NAI,Cantrell Drug Company,3,22,2018,29,,2,,,,,,,,,,,,,,,,,,,,,,
1043676,21 CFR 211.160(a),California,Palm Desert,Bioresearch Monitoring,VAI,"Sun Pharmaceutical Industries, Inc.",3,9,2018,24,,8,,,,,,,,,,,,,,,,,,,,,,
1043676,21 CFR 211.192,Texas,Houston,Postmarket Surv. and Epidemiology,VAI,"Sun Pharmaceutical Industries, Inc.",3,9,2018,2,,6,,,,,,,,,,,,,,,,,,,,,,
1043676,21 CFR 211.192,New York,Albany,Bioresearch Monitoring,NAI,"Sun Pharmaceutical Industries, Inc.",3,9,2018,12,,7,,,,,,,,,,,,,,,,,,,,,,
1043109,21 CFR 211.68(a),Pennsylvania,Hershey,Bioresearch Monitoring,NAI,"Lannett Company, Inc.",2,28,2018,30,,2,,,,,,,,,,,,,,,,,,,,,,
1041728,21 CFR 211.100(a),Puerto Rico,Las Piedras,Drug Quality Assurance,VAI,Carilion Materials Management,2,14,2018,35,,6,,,,,,,,,,,,,,,,,,,,,,
1041728,21 CFR 211.192,New York,Central Islip,Drug Quality Assurance,NAI,Carilion Materials Management,2,14,2018,9,,6,,,,,,,,,,,,,,,,,,,,,,
1041728,21 CFR 211.204,Texas,Dallas,Bioresearch Monitoring,VAI,Carilion Materials Management,2,14,2018,27,,3,,,,,,,,,,,,,,,,,,,,,,
1039982,21 CFR 211.22(d),Ohio,Streetsboro,Drug Quality Assurance,VAI,Natural Health Supply,2,6,2018,22,,7,,,,,,,,,,,,,,,,,,,,,,
1039982,21 CFR 211.100(a),Illinois,Wood Dale,Drug Quality Assurance,OAI,Natural Health Supply,2,6,2018,30,,6,,,,,,,,,,,,,,,,,,,,,,
1039982,21 CFR 211.160(a),Georgia,Decatur,Bioresearch Monitoring,NAI,Natural Health Supply,2,6,2018,18,,10,,,,,,,,,,,,,,,,,,,,,,
1039982,21 CFR 211.186(a),New Jersey,Woodcliff Lake,Postmarket Surv. and Epidemiology,NAI,Natural Health Supply,2,6,2018,2,,4,,,,,,,,,,,,,,,,,,,,,,
1031577,21 CFR 211.67(a),Mississippi,Port Gibson,Bioresearch Monitoring,NAI,The Procter & Gamble Manufacturing Company,11,17,2017,32,,7,,,,,,,,,,,,,,,,,,,,,,
1031577,21 CFR 211.198(a),New Jersey,Florence,Drug Quality Assurance,NAI,The Procter & Gamble Manufacturing Company,11,17,2017,16,,10,,,,,,,,,,,,,,,,,,,,,,
1031655,21 CFR 211.22(d),Utah,South Ogden,Bioresearch Monitoring,NAI,Baxter Healthcare Corporation,11,17,2017,40,,4,,,,,,,,,,,,,,,,,,,,,,
1031655,21 CFR 211.58,Texas,San Antonio,Bioresearch Monitoring,NAI,Baxter Healthcare Corporation,11,17,2017,9,,1,,,,,,,,,,,,,,,,,,,,,,
1031655,21 CFR 211.188(b),Minnesota,Eden Prairie,Drug Quality Assurance,NAI,Baxter Healthcare Corporation,11,17,2017,6,,6,,,,,,,,,,,,,,,,,,,,,,
1031655,21 CFR 211.192,New York,Amsterdam,Drug Quality Assurance,NAI,Baxter Healthcare Corporation,11,17,2017,21,,10,,,,,,,,,,,,,,,,,,,,,,
1029306,21 CFR 211.166(a),New Jersey,Branchburg,Drug Quality Assurance,NAI,Aidarex Pharmaceuticals LLC,10,20,2017,16,,2,,,,,,,,,,,,,,,,,,,,,,
1017861,21 CFR 211.25(a),Connecticut,Meriden,Drug Quality Assurance,NAI,Boiron,7,7,2017,16,,2,,,,,,,,,,,,,,,,,,,,,,
1017861,21 CFR 211.142(b),New Jersey,Oakhurst,Drug Quality Assurance,NAI,Boiron,7,7,2017,16,,9,,,,,,,,,,,,,,,,,,,,,,
1017861,21 CFR 211.166(c)(1),Tennessee,Memphis,Drug Quality Assurance,NAI,Boiron,7,7,2017,11,,8,,,,,,,,,,,,,,,,,,,,,,
1017861,21 CFR 211.194(a)(4),Wyoming,Green River,Drug Quality Assurance,NAI,Boiron,7,7,2017,26,,1,,,,,,,,,,,,,,,,,,,,,,
1016395,21 CFR 211.22(a),Texas,Dallas,Drug Quality Assurance,NAI,Cantrell Drug Company,6,29,2017,34,,2,,,,,,,,,,,,,,,,,,,,,,
1016395,21 CFR 211.22(d),Texas,Houston,Bioresearch Monitoring,NAI,Cantrell Drug Company,6,29,2017,29,,10,,,,,,,,,,,,,,,,,,,,,,
1016395,21 CFR 211.113(b),Texas,Houston,Bioresearch Monitoring,NAI,Cantrell Drug Company,6,29,2017,12,,9,,,,,,,,,,,,,,,,,,,,,,
1016395,21 CFR 211.192,Pennsylvania,Sharon Hill,Drug Quality Assurance,NAI,Cantrell Drug Company,6,29,2017,19,,1,,,,,,,,,,,,,,,,,,,,,,
1016636,21 CFR 211.67(b),Indiana,Bloomington,Drug Quality Assurance,VAI,Cardinal Health,6,29,2017,12,,6,,,,,,,,,,,,,,,,,,,,,,
1016636,21 CFR 211.188(a),Illinois,Deerfield,Postmarket Surv. and Epidemiology,VAI,Cardinal Health,6,29,2017,25,,1,,,,,,,,,,,,,,,,,,,,,,
1015801,21 CFR 211.22(d),Florida,Aventura,Unapproved and Misbranded Drugs,OAI,American Health Packaging,6,15,2017,2,,2,,,,,,,,,,,,,,,,,,,,,,
1015801,21 CFR 211.100(b),Florida,South Miami,Bioresearch Monitoring,VAI,American Health Packaging,6,15,2017,33,,7,,,,,,,,,,,,,,,,,,,,,,
1015801,21 CFR 211.198(a),Florida,Tampa,Bioresearch Monitoring,NAI,American Health Packaging,6,15,2017,2,,3,,,,,,,,,,,,,,,,,,,,,,
1014399,21 CFR 211.67(b)(2),Minnesota,Saint Paul,Drug Quality Assurance,NAI,Apotex Inc.,6,14,2017,14,,2,,,,,,,,,,,,,,,,,,,,,,
1014399,21 CFR 211.68(b),California,Irvine,Drug Quality Assurance,VAI,Apotex Inc.,6,14,2017,24,,8,,,,,,,,,,,,,,,,,,,,,,
1032447,21 CFR 314.80(b),Maryland,Silver Spring,Drug Quality Assurance,VAI,Walgreen Company,5,19,2017,16,,9,,,,,,,,,,,,,,,,,,,,,,
1005521,21 CFR 211.188(b)(11),Florida,Aventura,Bioresearch Monitoring,NAI,"Sun Pharmaceutical Industries, Inc.",3,20,2017,6,,10,,,,,,,,,,,,,,,,,,,,,,
998830,21 CFR 211.22(a),Utah,Sandy,Drug Quality Assurance,NAI,"TG United, Inc.",1,25,2017,5,,6,,,,,,,,,,,,,,,,,,,,,,
998830,21 CFR 211.63,Florida,Dania,Drug Quality Assurance,VAI,"TG United, Inc.",1,25,2017,28,,10,,,,,,,,,,,,,,,,,,,,,,
998830,21 CFR 211.84(d)(1),California,Rancho Cordova,Drug Quality Assurance,VAI,"TG United, Inc.",1,25,2017,8,,1,,,,,,,,,,,,,,,,,,,,,,
998830,21 CFR 211.84(d)(2),Missouri,North Kansas City,Drug Quality Assurance,NAI,"TG United, Inc.",1,25,2017,38,,7,,,,,,,,,,,,,,,,,,,,,,
998830,21 CFR 211.100(a),Missouri,Kansas City,Drug Quality Assurance,NAI,"TG United, Inc.",1,25,2017,30,,8,,,,,,,,,,,,,,,,,,,,,,
998830,21 CFR 211.160(b),Connecticut,Milford,Drug Quality Assurance,NAI,"TG United, Inc.",1,25,2017,8,,5,,,,,,,,,,,,,,,,,,,,,,
998830,21 CFR 211.165(b),Ohio,Saint Louisville,Unapproved and Misbranded Drugs,NAI,"TG United, Inc.",1,25,2017,37,,3,,,,,,,,,,,,,,,,,,,,,,
998830,21 CFR 211.166(b),California,Palo Alto,Bioresearch Monitoring,NAI,"TG United, Inc.",1,25,2017,24,,10,,,,,,,,,,,,,,,,,,,,,,
998830,21 CFR 211.198(a),California,Novato,Bioresearch Monitoring,NAI,"TG United, Inc.",1,25,2017,15,,3,,,,,,,,,,,,,,,,,,,,,,
995279,21 CFR 211.194(a)(2),Florida,Lakeland,Bioresearch Monitoring,NAI,"VistaPharm, Inc.",12,13,2016,33,,4,,,,,,,,,,,,,,,,,,,,,,
994523,21 CFR 211.160(b),Florida,Miami,Bioresearch Monitoring,VAI,Mylan Pharmaceuticals Inc.,11,18,2016,2,,8,,,,,,,,,,,,,,,,,,,,,,
994523,21 CFR 211.165(e),Wisconsin,La Crosse,Bioresearch Monitoring,NAI,Mylan Pharmaceuticals Inc.,11,18,2016,14,,8,,,,,,,,,,,,,,,,,,,,,,
991454,21 CFR 211.42(c)(10)(iv),South Carolina,Greenville,Drug Quality Assurance,VAI,Guardian Pharmacy Services,10,21,2016,32,,9,,,,,,,,,,,,,,,,,,,,,,
990072,21 CFR 211.42(b),South Carolina,Greenville,Drug Quality Assurance,NAI,Cantrell Drug Company,10,14,2016,11,,7,,,,,,,,,,,,,,,,,,,,,,
990072,21 CFR 211.42(c)(10),Illinois,Harvey,Bioresearch Monitoring,NAI,Cantrell Drug Company,10,14,2016,40,,6,,,,,,,,,,,,,,,,,,,,,,
990072,21 CFR 211.42(c)(10)(iii),Tennessee,Memphis,Drug Quality Assurance,NAI,Cantrell Drug Company,10,14,2016,4,,1,,,,,,,,,,,,,,,,,,,,,,
990072,21 CFR 211.42(c)(10)(iv),California,La Jolla,Bioresearch Monitoring,OAI,Cantrell Drug Company,10,14,2016,5,,9,,,,,,,,,,,,,,,,,,,,,,
990072,21 CFR 211.42(c)(10)(v),Pennsylvania,Folcroft,Drug Quality Assurance,OAI,Cantrell Drug Company,10,14,2016,11,,9,,,,,,,,,,,,,,,,,,,,,,
990072,21 CFR 211.113(b),Oregon,Harrisburg,Unapproved and Misbranded Drugs,VAI,Cantrell Drug Company,10,14,2016,32,,7,,,,,,,,,,,,,,,,,,,,,,
990072,21 CFR 211.165(a),California,Irvine,Drug Quality Assurance,VAI,Cantrell Drug Company,10,14,2016,10,,9,,,,,,,,,,,,,,,,,,,,,,
990072,21 CFR 211.167(a),Puerto Rico,Barceloneta,Drug Quality Assurance,VAI,Cantrell Drug Company,10,14,2016,11,,2,,,,,,,,,,,,,,,,,,,,,,
990072,FDCA 503B(a)(10),New York,Brooklyn,Bioresearch Monitoring,NAI,Cantrell Drug Company,10,14,2016,39,,8,,,,,,,,,,,,,,,,,,,,,,
988291,21 CFR 211.80(a),South Carolina,Florence,Drug Quality Assurance,NAI,Sage Products Inc,9,1,2016,10,,3,,,,,,,,,,,,,,,,,,,,,,
988291,21 CFR 211.84(d)(2),Florida,Indian Harbour Beach,Drug Quality Assurance,VAI,Sage Products Inc,9,1,2016,22,,7,,,,,,,,,,,,,,,,,,,,,,
986013,21 CFR 211.28(a),Illinois,Elgin,Drug Quality Assurance,VAI,"KRS Global Biotechnology, Inc",8,31,2016,14,,6,,,,,,,,,,,,,,,,,,,,,,
986013,21 CFR 211.42(c)(10)(iii),Texas,Mesquite,Drug Quality Assurance,VAI,"KRS Global Biotechnology, Inc",8,31,2016,8,,1,,,,,,,,,,,,,,,,,,,,,,
986013,21 CFR 211.42(c)(10)(v),Georgia,Kennesaw,Drug Quality Assurance,NAI,"KRS Global Biotechnology, Inc",8,31,2016,9,,3,,,,,,,,,,,,,,,,,,,,,,
982487,21 CFR 211.22(a),New Jersey,Colonia,Drug Quality Assurance,OAI,"Genentech, Inc.",7,8,2016,10,,6,,,,,,,,,,,,,,,,,,,,,,
988705,21 CFR 211.130(b),New Jersey,Lakewood,Drug Quality Assurance,VAI,"Fresenius Kabi USA, LLC",6,24,2016,16,,8,,,,,,,,,,,,,,,,,,,,,,
975869,21 CFR 211.22(d),California,Northridge,Bioresearch Monitoring,NAI,"Akorn, Inc.",6,10,2016,21,,4,,,,,,,,,,,,,,,,,,,,,,
975869,21 CFR 211.100(b),Massachusetts,Maynard,Postmarket Surv. and Epidemiology,VAI,"Akorn, Inc.",6,10,2016,2,,7,,,,,,,,,,,,,,,,,,,,,,
975869,21 CFR 211.110(a),New York,Farmingdale,Drug Quality Assurance,VAI,"Akorn, Inc.",6,10,2016,39,,7,,,,,,,,,,,,,,,,,,,,,,
975869,21 CFR 211.192,New Jersey,Fairfield,Drug Quality Assurance,VAI,"Akorn, Inc.",6,10,2016,9,,6,,,,,,,,,,,,,,,,,,,,,,
975869,21 CFR 211.194(a)(2),Wisconsin,Prescott,Drug Quality Assurance,VAI,"Akorn, Inc.",6,10,2016,23,,1,,,,,,,,,,,,,,,,,,,,,,
975839,21 CFR 211.67(a),Oklahoma,Broken Arrow,Drug Quality Assurance,VAI,"Genentech, Inc.",4,15,2016,14,,1,,,,,,,,,,,,,,,,,,,,,,
975839,21 CFR 211.113(b),Illinois,Chicago,Drug Quality Assurance,NAI,"Genentech, Inc.",4,15,2016,34,,4,,,,,,,,,,,,,,,,,,,,,,
969547,21 CFR 211.63,Minnesota,Minneapolis,Bioresearch Monitoring,NAI,Reliable Rexall-A Compounding Pharmacy,3,29,2016,39,,3,,,,,,,,,,,,,,,,,,,,,,
969547,21 CFR 211.125(a),Wisconsin,Neenah,Drug Quality Assurance,NAI,Reliable Rexall-A Compounding Pharmacy,3,29,2016,16,,5,,,,,,,,,,,,,,,,,,,,,,
969547,21 CFR 211.166(a),Kansas,Overland Park,Drug Quality Assurance,NAI,Reliable Rexall-A Compounding Pharmacy,3,29,2016,36,,2,,,,,,,,,,,,,,,,,,,,,,
969547,21 CFR 211.204,South Carolina,Clinton,Drug Quality Assurance,VAI,Reliable Rexall-A Compounding Pharmacy,3,29,2016,12,,10,,,,,,,,,,,,,,,,,,,,,,
967552,21 CFR 211.67(a),New Jersey,Fairfield,Unapproved and Misbranded Drugs,OAI,Cadila Healthcare Limited,3,18,2016,7,,8,,,,,,,,,,,,,,,,,,,,,,
967552,21 CFR 211.100(b),New Hampshire,Charlestown,Drug Quality Assurance,VAI,Cadila Healthcare Limited,3,18,2016,38,,8,,,,,,,,,,,,,,,,,,,,,,
967552,21 CFR 211.113(a),Minnesota,Rochester,Drug Quality Assurance,VAI,Cadila Healthcare Limited,3,18,2016,24,,2,,,,,,,,,,,,,,,,,,,,,,
965166,21 CFR 211.22(d),California,Livermore,Drug Quality Assurance,OAI,"Pharmakon Pharmaceuticals, Inc.",3,16,2016,4,,8,,,,,,,,,,,,,,,,,,,,,,
965166,21 CFR 211.28(a),New Jersey,Hamilton,Drug Quality Assurance,NAI,"Pharmakon Pharmaceuticals, Inc.",3,16,2016,35,,9,,,,,,,,,,,,,,,,,,,,,,
965166,21 CFR 211.42(c)(10)(iii),Alabama,Birmingham,Bioresearch Monitoring,NAI,"Pharmakon Pharmaceuticals, Inc.",3,16,2016,21,,8,,,,,,,,,,,,,,,,,,,,,,
965166,21 CFR 211.42(c)(10)(iv),Illinois,Schaumburg,Drug Quality Assurance,NAI,"Pharmakon Pharmaceuticals, Inc.",3,16,2016,17,,4,,,,,,,,,,,,,,,,,,,,,,
965166,21 CFR 211.94(c),Oregon,Portland,Drug Quality Assurance,NAI,"Pharmakon Pharmaceuticals, Inc.",3,16,2016,11,,6,,,,,,,,,,,,,,,,,,,,,,
965166,21 CFR 211.165(a),California,Torrance,Drug Quality Assurance,NAI,"Pharmakon Pharmaceuticals, Inc.",3,16,2016,20,,4,,,,,,,,,,,,,,,,,,,,,,
965166,21 CFR 211.167(a),Georgia,Winder,Drug Quality Assurance,VAI,"Pharmakon Pharmaceuticals, Inc.",3,16,2016,19,,3,,,,,,,,,,,,,,,,,,,,,,
965166,21 CFR 211.192,Massachusetts,Billerica,Bioresearch Monitoring,NAI,"Pharmakon Pharmaceuticals, Inc.",3,16,2016,8,,1,,,,,,,,,,,,,,,,,,,,,,
969544,21 CFR 211.25(a),Pennsylvania,Quakertown,Drug Quality Assurance,VAI,Baxter Healthcare Corporation,2,26,2016,8,,3,,,,,,,,,,,,,,,,,,,,,,
969544,21 CFR 211.56(a),Louisiana,Shreveport,Drug Quality Assurance,VAI,Baxter Healthcare Corporation,2,26,2016,26,,4,,,,,,,,,,,,,,,,,,,,,,
969544,21 CFR 211.113(b),Iowa,Coralville,Drug Quality Assurance,NAI,Baxter Healthcare Corporation,2,26,2016,26,,5,,,,,,,,,,,,,,,,,,,,,,
969544,21 CFR 211.192,Washington,Woodinville,Drug Quality Assurance,VAI,Baxter Healthcare Corporation,2,26,2016,35,,8,,,,,,,,,,,,,,,,,,,,,,
962308,21 CFR 211.22(d),Arkansas,El Dorado,Drug Quality Assurance,NAI,"Fresenius Kabi USA, LLC",2,4,2016,30,,9,,,,,,,,,,,,,,,,,,,,,,
962308,21 CFR 211.25(a),Michigan,Lansing,Drug Quality Assurance,NAI,"Fresenius Kabi USA, LLC",2,4,2016,33,,9,,,,,,,,,,,,,,,,,,,,,,
962308,21 CFR 211.192,Utah,Layton,Bioresearch Monitoring,VAI,"Fresenius Kabi USA, LLC",2,4,2016,32,,4,,,,,,,,,,,,,,,,,,,,,,
962308,21 CFR 211.192,Nevada,Las Vegas,Bioresearch Monitoring,VAI,"Fresenius Kabi USA, LLC",2,4,2016,13,,1,,,,,,,,,,,,,,,,,,,,,,
959102,21 CFR 211.28(a),New Jersey,Hackensack,Drug Quality Assurance,NAI,"Abbott's Compounding Pharmacy, Inc.",1,8,2016,33,,7,,,,,,,,,,,,,,,,,,,,,,
959102,21 CFR 211.42(c)(10)(iv),Illinois,Melrose Park,Drug Quality Assurance,NAI,"Abbott's Compounding Pharmacy, Inc.",1,8,2016,18,,2,,,,,,,,,,,,,,,,,,,,,,
959102,21 CFR 211.113(b),New Jersey,Hackensack,Bioresearch Monitoring,VAI,"Abbott's Compounding Pharmacy, Inc.",1,8,2016,33,,1,,,,,,,,,,,,,,,,,,,,,,
956397,21 CFR 211.166(a),Massachusetts,Quincy,Bioresearch Monitoring,NAI,"Pharmedium Services, LLC",1,4,2016,24,,4,,,,,,,,,,,,,,,,,,,,,,
956397,21 CFR 211.167(a),Virginia,Newport News,Bioresearch Monitoring,VAI,"Pharmedium Services, LLC",1,4,2016,10,,3,,,,,,,,,,,,,,,,,,,,,,
956397,21 CFR 211.192,Ohio,Poland,Drug Quality Assurance,VAI,"Pharmedium Services, LLC",1,4,2016,28,,1,,,,,,,,,,,,,,,,,,,,,,
955661,21 CFR 211.25(a),Kentucky,Richmond,Drug Quality Assurance,NAI,"PD-Rx Pharmaceuticals, Inc.",12,4,2015,2,,5,,,,,,,,,,,,,,,,,,,,,,
955661,21 CFR 211.63,California,Corona,Drug Quality Assurance,OAI,"PD-Rx Pharmaceuticals, Inc.",12,4,2015,29,,3,,,,,,,,,,,,,,,,,,,,,,
955661,21 CFR 211.125(a),Pennsylvania,Fort Washington,Drug Quality Assurance,NAI,"PD-Rx Pharmaceuticals, Inc.",12,4,2015,16,,1,,,,,,,,,,,,,,,,,,,,,,
955661,21 CFR 211.198(a),Tennessee,Bristol,Drug Quality Assurance,VAI,"PD-Rx Pharmaceuticals, Inc.",12,4,2015,15,,3,,,,,,,,,,,,,,,,,,,,,,
953897,21 CFR 211.68(b),Connecticut,Hamden,Bioresearch Monitoring,OAI,RemedyRepack Inc.,11,23,2015,22,,10,,,,,,,,,,,,,,,,,,,,,,
953897,21 CFR 211.111,Texas,Dallas,Drug Quality Assurance,OAI,RemedyRepack Inc.,11,23,2015,39,,10,,,,,,,,,,,,,,,,,,,,,,
953897,21 CFR 211.130,New York,New York,Bioresearch Monitoring,NAI,RemedyRepack Inc.,11,23,2015,22,,6,,,,,,,,,,,,,,,,,,,,,,
953897,21 CFR 211.170(b)(1),New York,New York,Bioresearch Monitoring,NAI,RemedyRepack Inc.,11,23,2015,36,,6,,,,,,,,,,,,,,,,,,,,,,
953897,21 CFR 211.186(a),New Jersey,Berkeley Heights,Postmarket Surv. and Epidemiology,VAI,RemedyRepack Inc.,11,23,2015,17,,3,,,,,,,,,,,,,,,,,,,,,,
953897,21 CFR 211.192,Indiana,Lafayette,Drug Quality Assurance,NAI,RemedyRepack Inc.,11,23,2015,27,,9,,,,,,,,,,,,,,,,,,,,,,
953897,21 CFR 211.198(a),Indiana,Indianapolis,Drug Quality Assurance,NAI,RemedyRepack Inc.,11,23,2015,9,,7,,,,,,,,,,,,,,,,,,,,,,
949342,21 CFR 211.28(a),California,Loma Linda,Drug Quality Assurance,NAI,"Central Admixture Pharmacy Services, Inc.",11,20,2015,33,,6,,,,,,,,,,,,,,,,,,,,,,
949342,21 CFR 211.42(b),Minnesota,Rochester,Drug Quality Assurance,VAI,"Central Admixture Pharmacy Services, Inc.",11,20,2015,26,,4,,,,,,,,,,,,,,,,,,,,,,
949342,21 CFR 211.42(c)(10)(iii),North Carolina,Durham,Drug Quality Assurance,NAI,"Central Admixture Pharmacy Services, Inc.",11,20,2015,25,,10,,,,,,,,,,,,,,,,,,,,,,
949342,21 CFR 211.42(c)(10)(iv),Pennsylvania,Morgantown,Drug Quality Assurance,VAI,"Central Admixture Pharmacy Services, Inc.",11,20,2015,6,,7,,,,,,,,,,,,,,,,,,,,,,
949342,21 CFR 211.56(a),Washington,Spokane,Drug Quality Assurance,VAI,"Central Admixture Pharmacy Services, Inc.",11,20,2015,6,,5,,,,,,,,,,,,,,,,,,,,,,
949342,21 CFR 211.84(d)(6),New York,Watkins Glen,Drug Quality Assurance,NAI,"Central Admixture Pharmacy Services, Inc.",11,20,2015,35,,4,,,,,,,,,,,,,,,,,,,,,,
949342,21 CFR 211.192,Nevada,Las Vegas,Drug Quality Assurance,OAI,"Central Admixture Pharmacy Services, Inc.",11,20,2015,4,,6,,,,,,,,,,,,,,,,,,,,,,
948193,21 CFR 211.68(b),New York,New York,Bioresearch Monitoring,NAI,Proficient Rx LP,10,22,2015,28,,9,,,,,,,,,,,,,,,,,,,,,,
948193,21 CFR 211.110(a),New York,Cortland,Drug Quality Assurance,VAI,Proficient Rx LP,10,22,2015,38,,10,,,,,,,,,,,,,,,,,,,,,,
948193,21 CFR 211.180(e)(2),Missouri,Saint Louis,Bioresearch Monitoring,VAI,Proficient Rx LP,10,22,2015,18,,7,,,,,,,,,,,,,,,,,,,,,,
948193,21 CFR 211.192,Georgia,Duluth,Bioresearch Monitoring,NAI,Proficient Rx LP,10,22,2015,32,,1,,,,,,,,,,,,,,,,,,,,,,
945306,21 CFR 211.42(a),Pennsylvania,Harrisburg,Drug Quality Assurance,VAI,"Downing Labs, LLC",10,9,2015,24,,7,,,,,,,,,,,,,,,,,,,,,,
945306,21 CFR 211.42(c)(10)(iv),Tennessee,Smyrna,Drug Quality Assurance,VAI,"Downing Labs, LLC",10,9,2015,33,,10,,,,,,,,,,,,,,,,,,,,,,
945306,21 CFR 211.42(c)(10)(v),Ohio,Martins Ferry,Drug Quality Assurance,NAI,"Downing Labs, LLC",10,9,2015,13,,10,,,,,,,,,,,,,,,,,,,,,,
945306,21 CFR 211.100(a),Alabama,Florence,Drug Quality Assurance,NAI,"Downing Labs, LLC",10,9,2015,24,,4,,,,,,,,,,,,,,,,,,,,,,
945306,21 CFR 211.111,Alabama,Florence,Drug Quality Assurance,NAI,"Downing Labs, LLC",10,9,2015,31,,8,,,,,,,,,,,,,,,,,,,,,,
945306,21 CFR 211.113(b),Massachusetts,Lexington,Bioresearch Monitoring,VAI,"Downing Labs, LLC",10,9,2015,39,,7,,,,,,,,,,,,,,,,,,,,,,
945306,21 CFR 211.166(a),New York,Deer Park,Drug Quality Assurance,VAI,"Downing Labs, LLC",10,9,2015,20,,1,,,,,,,,,,,,,,,,,,,,,,
945306,21 CFR 211.167(a),Wisconsin,Monroe,Drug Quality Assurance,VAI,"Downing Labs, LLC",10,9,2015,25,,2,,,,,,,,,,,,,,,,,,,,,,
945306,21 CFR 211.192,New Jersey,Princeton,Drug Quality Assurance,NAI,"Downing Labs, LLC",10,9,2015,39,,8,,,,,,,,,,,,,,,,,,,,,,
941497,21 CFR 211.25(a),New York,Syracuse,Drug Quality Assurance,NAI,King Bio Inc.,9,4,2015,9,,1,,,,,,,,,,,,,,,,,,,,,,
941497,21 CFR 211.42(d),Maine,Lisbon Falls,Drug Quality Assurance,NAI,King Bio Inc.,9,4,2015,33,,1,,,,,,,,,,,,,,,,,,,,,,
941497,21 CFR 211.160(b),New Jersey,East Hanover,Drug Quality Assurance,NAI,King Bio Inc.,9,4,2015,10,,8,,,,,,,,,,,,,,,,,,,,,,
941497,21 CFR 211.166(a),New Jersey,East Hanover,Postmarket Surv. and Epidemiology,NAI,King Bio Inc.,9,4,2015,9,,8,,,,,,,,,,,,,,,,,,,,,,
941497,21 CFR 211.166(a)(5),New Jersey,Titusville,Drug Quality Assurance,NAI,King Bio Inc.,9,4,2015,7,,1,,,,,,,,,,,,,,,,,,,,,,
941497,21 CFR 211.170(a),Nebraska,Omaha,Drug Quality Assurance,NAI,King Bio Inc.,9,4,2015,10,,10,,,,,,,,,,,,,,,,,,,,,,
941497,21 CFR 211.176,Virginia,Chesapeake,Drug Quality Assurance,NAI,King Bio Inc.,9,4,2015,8,,8,,,,,,,,,,,,,,,,,,,,,,
941497,21 CFR 211.182,New York,Saranac Lake,Drug Quality Assurance,NAI,King Bio Inc.,9,4,2015,15,,1,,,,,,,,,,,,,,,,,,,,,,
941434,21 CFR 314.80(c)(1)(i),Indiana,Fort Wayne,Drug Quality Assurance,NAI,"Sun Pharmaceutical Industries, Inc.",8,27,2015,27,,3,,,,,,,,,,,,,,,,,,,,,,
941434,21 CFR 314.80(c)(1)(ii),New York,Aquebogue,Drug Quality Assurance,VAI,"Sun Pharmaceutical Industries, Inc.",8,27,2015,36,,7,,,,,,,,,,,,,,,,,,,,,,
946884,21 CFR 314.80(j),Virginia,Richmond,Bioresearch Monitoring,NAI,Pfizer Inc.,8,26,2015,31,,1,,,,,,,,,,,,,,,,,,,,,,
943389,21 CFR 211.150(b),Kansas,Mcpherson,Drug Quality Assurance,VAI,"Lincare, Inc.",8,21,2015,32,,4,,,,,,,,,,,,,,,,,,,,,,
938765,21 CFR 211.22(d),Oregon,Portland,Drug Quality Assurance,VAI,"Lincare, Inc.",8,20,2015,9,,9,,,,,,,,,,,,,,,,,,,,,,
937344,21 CFR 211.160(b)(4),Massachusetts,Boston,Bioresearch Monitoring,NAI,Novartis Pharmaceuticals Corporation,7,17,2015,32,,10,,,,,,,,,,,,,,,,,,,,,,
937344,21 CFR 211.166(a)(4),California,Irvine,Drug Quality Assurance,VAI,Novartis Pharmaceuticals Corporation,7,17,2015,35,,3,,,,,,,,,,,,,,,,,,,,,,
937344,21 CFR 211.170(b),New Jersey,Freehold,Bioresearch Monitoring,NAI,Novartis Pharmaceuticals Corporation,7,17,2015,25,,4,,,,,,,,,,,,,,,,,,,,,,
934347,21 CFR 211.22(d),Ohio,Cleveland,Bioresearch Monitoring,VAI,"Sun Pharmaceutical Industries, Inc.",7,15,2015,24,,5,,,,,,,,,,,,,,,,,,,,,,
934347,21 CFR 211.160(b)(4),Texas,Stafford,Drug Quality Assurance,NAI,"Sun Pharmaceutical Industries, Inc.",7,15,2015,24,,8,,,,,,,,,,,,,,,,,,,,,,
934347,21 CFR 314.80(b),Georgia,Atlanta,Bioresearch Monitoring,NAI,"Sun Pharmaceutical Industries, Inc.",7,15,2015,17,,8,,,,,,,,,,,,,,,,,,,,,,
934846,21 CFR 211.100(a),Louisiana,Shreveport,Bioresearch Monitoring,NAI,"Noven Pharmaceuticals, Inc.",7,10,2015,36,,8,,,,,,,,,,,,,,,,,,,,,,
934846,21 CFR 211.111,New York,Cedarhurst,Over-the-Counter Drug Evaluation,NAI,"Noven Pharmaceuticals, Inc.",7,10,2015,18,,2,,,,,,,,,,,,,,,,,,,,,,
934241,21 CFR 211.42(c)(10)(iv),Nevada,Las Vegas,Drug Quality Assurance,OAI,"Hartley Medical Center Pharmacy, Incorporated",7,8,2015,7,,4,,,,,,,,,,,,,,,,,,,,,,
934241,21 CFR 211.113(b),Arkansas,Hot Springs,Drug Quality Assurance,VAI,"Hartley Medical Center Pharmacy, Incorporated",7,8,2015,13,,10,,,,,,,,,,,,,,,,,,,,,,
932630,21 CFR 211.192,Missouri,Kansas City,Drug Quality Assurance,NAI,"Lincare, Inc.",6,11,2015,22,,5,,,,,,,,,,,,,,,,,,,,,,
932525,21 CFR 211.22(a),New Jersey,Washington,Drug Quality Assurance,VAI,"Par Pharmaceutical, Inc.",6,4,2015,3,,9,,,,,,,,,,,,,,,,,,,,,,
932525,21 CFR 211.192,Louisiana,Baton Rouge,Drug Quality Assurance,VAI,"Par Pharmaceutical, Inc.",6,4,2015,14,,10,,,,,,,,,,,,,,,,,,,,,,
928826,21 CFR 211.100(a),Minnesota,Minneapolis,Bioresearch Monitoring,NAI,"VistaPharm, Inc.",5,28,2015,8,,3,,,,,,,,,,,,,,,,,,,,,,
928826,21 CFR 211.100(a),New Jersey,Paterson,Drug Quality Assurance,VAI,"VistaPharm, Inc.",5,28,2015,16,,9,,,,,,,,,,,,,,,,,,,,,,
928826,21 CFR 211.166(b),Washington,Richland,Bioresearch Monitoring,VAI,"VistaPharm, Inc.",5,28,2015,5,,5,,,,,,,,,,,,,,,,,,,,,,
928826,21 CFR 211.186(b)(9),Ohio,Cadiz,Bioresearch Monitoring,VAI,"VistaPharm, Inc.",5,28,2015,12,,8,,,,,,,,,,,,,,,,,,,,,,
928826,21 CFR 211.192,Florida,SARASOTA,Drug Quality Assurance,NAI,"VistaPharm, Inc.",5,28,2015,19,,3,,,,,,,,,,,,,,,,,,,,,,
928826,21 CFR 211.198(a),New Jersey,Raritan,Drug Quality Assurance,NAI,"VistaPharm, Inc.",5,28,2015,12,,9,,,,,,,,,,,,,,,,,,,,,,
928826,21 CFR 314.81(b)(1)(ii),Delaware,Wilmington,Drug Quality Assurance,NAI,"VistaPharm, Inc.",5,28,2015,30,,7,,,,,,,,,,,,,,,,,,,,,,
927328,21 CFR 211.28(a),Arkansas,Atkins,Unapproved and Misbranded Drugs,OAI,Liberty Drug & Surgical,5,22,2015,25,,8,,,,,,,,,,,,,,,,,,,,,,
927328,21 CFR 211.42(a),Puerto Rico,Guayama,Drug Quality Assurance,VAI,Liberty Drug & Surgical,5,22,2015,36,,8,,,,,,,,,,,,,,,,,,,,,,
927328,21 CFR 211.42(b),Oregon,Salem,Bioresearch Monitoring,VAI,Liberty Drug & Surgical,5,22,2015,2,,6,,,,,,,,,,,,,,,,,,,,,,
927328,21 CFR 211.100(b),New York,New York,Bioresearch Monitoring,NAI,Liberty Drug & Surgical,5,22,2015,2,,3,,,,,,,,,,,,,,,,,,,,,,
927328,21 CFR 211.113(b),California,Thousand Oaks,Bioresearch Monitoring,NAI,Liberty Drug & Surgical,5,22,2015,22,,2,,,,,,,,,,,,,,,,,,,,,,
927328,21 CFR 211.166(a)(3),Wisconsin,Kenosha,Drug Quality Assurance,NAI,Liberty Drug & Surgical,5,22,2015,34,,2,,,,,,,,,,,,,,,,,,,,,,
928801,21 CFR 211.28(a),Florida,Hollywood,Bioresearch Monitoring,VAI,The Compounding Pharmacy of America,5,21,2015,19,,9,,,,,,,,,,,,,,,,,,,,,,
928801,21 CFR 211.42(c)(10)(iii),New Jersey,Carlstadt,Drug Quality Assurance,OAI,The Compounding Pharmacy of America,5,21,2015,37,,5,,,,,,,,,,,,,,,,,,,,,,
928801,21 CFR 211.42(c)(10)(iv),New Jersey,Carlstadt,Unapproved and Misbranded Drugs,OAI,The Compounding Pharmacy of America,5,21,2015,21,,5,,,,,,,,,,,,,,,,,,,,,,
928801,21 CFR 211.42(c)(10)(v),Illinois,Vernon Hills,Drug Quality Assurance,VAI,The Compounding Pharmacy of America,5,21,2015,39,,5,,,,,,,,,,,,,,,,,,,,,,
928801,21 CFR 211.68(a),New York,New Paltz,Drug Quality Assurance,VAI,The Compounding Pharmacy of America,5,21,2015,20,,6,,,,,,,,,,,,,,,,,,,,,,
928801,21 CFR 211.84(d)(2),Ohio,Cincinnati,Bioresearch Monitoring,NAI,The Compounding Pharmacy of America,5,21,2015,30,,8,,,,,,,,,,,,,,,,,,,,,,
928801,21 CFR 211.167(a),Tennessee,Memphis,Bioresearch Monitoring,VAI,The Compounding Pharmacy of America,5,21,2015,6,,5,,,,,,,,,,,,,,,,,,,,,,
927965,21 CFR 314.80(c)(1)(i),Wisconsin,Verona,Drug Quality Assurance,VAI,Apotex Inc.,5,11,2015,16,,5,,,,,,,,,,,,,,,,,,,,,,
927965,21 CFR 314.80(c)(2),New Jersey,Lakewood,Drug Quality Assurance,NAI,Apotex Inc.,5,11,2015,22,,6,,,,,,,,,,,,,,,,,,,,,,
925338,21 CFR 211.22(d),Georgia,Atlanta,Drug Quality Assurance,NAI,Baxter Healthcare Corporation,5,1,2015,22,,4,,,,,,,,,,,,,,,,,,,,,,
925338,21 CFR 211.84(a),Texas,Houston,Bioresearch Monitoring,VAI,Baxter Healthcare Corporation,5,1,2015,28,,9,,,,,,,,,,,,,,,,,,,,,,
925338,21 CFR 211.94(b),New Jersey,Mahwah,Drug Quality Assurance,VAI,Baxter Healthcare Corporation,5,1,2015,22,,9,,,,,,,,,,,,,,,,,,,,,,
925338,21 CFR 211.110(a),Colorado,Colorado Springs,Bioresearch Monitoring,OAI,Baxter Healthcare Corporation,5,1,2015,13,,3,,,,,,,,,,,,,,,,,,,,,,
925338,21 CFR 211.192,Colorado,Colorado Springs,Bioresearch Monitoring,NAI,Baxter Healthcare Corporation,5,1,2015,15,,9,,,,,,,,,,,,,,,,,,,,,,
933105,21 CFR 211.100(a),California,Newport Beach,Drug Quality Assurance,OAI,Mylan Pharmaceuticals Inc.,4,24,2015,22,,8,,,,,,,,,,,,,,,,,,,,,,
918472,21 CFR 211.58,New York,S New Berlin,Drug Quality Assurance,NAI,Natural Health Supply,3,19,2015,39,,3,,,,,,,,,,,,,,,,,,,,,,
918472,21 CFR 211.100(a),North Carolina,Greensboro,Drug Quality Assurance,NAI,Natural Health Supply,3,19,2015,13,,8,,,,,,,,,,,,,,,,,,,,,,
918472,21 CFR 211.160(b)(4),California,Moorpark,Drug Quality Assurance,OAI,Natural Health Supply,3,19,2015,31,,10,,,,,,,,,,,,,,,,,,,,,,
918472,21 CFR 211.165(a),Tennessee,Memphis,Drug Quality Assurance,NAI,Natural Health Supply,3,19,2015,27,,3,,,,,,,,,,,,,,,,,,,,,,
918472,21 CFR 211.166(c)(1),Florida,Mims,Drug Quality Assurance,NAI,Natural Health Supply,3,19,2015,37,,3,,,,,,,,,,,,,,,,,,,,,,
918472,21 CFR 211.198(b)(1),Texas,Waco,Drug Quality Assurance,NAI,Natural Health Supply,3,19,2015,5,,10,,,,,,,,,,,,,,,,,,,,,,
913527,21 CFR 211.63,New Jersey,Somerset,Drug Quality Assurance,NAI,Medline Industries Inc,3,11,2015,40,,8,,,,,,,,,,,,,,,,,,,,,,
913527,21 CFR 211.68(b),Wisconsin,Madison,Drug Quality Assurance,NAI,Medline Industries Inc,3,11,2015,28,,3,,,,,,,,,,,,,,,,,,,,,,
913527,21 CFR 211.84(a),Louisiana,Hahnville,Drug Quality Assurance,NAI,Medline Industries Inc,3,11,2015,14,,3,,,,,,,,,,,,,,,,,,,,,,
913527,21 CFR 211.84(d)(2),North Carolina,Brevard,Drug Quality Assurance,NAI,Medline Industries Inc,3,11,2015,39,,8,,,,,,,,,,,,,,,,,,,,,,
913527,21 CFR 211.84(e),North Carolina,Brevard,Over-the-Counter Drug Evaluation,VAI,Medline Industries Inc,3,11,2015,26,,6,,,,,,,,,,,,,,,,,,,,,,
913527,21 CFR 211.160(b),Massachusetts,Adams,Drug Quality Assurance,VAI,Medline Industries Inc,3,11,2015,20,,9,,,,,,,,,,,,,,,,,,,,,,
913527,21 CFR 211.165(f),South Carolina,Charleston,Drug Quality Assurance,VAI,Medline Industries Inc,3,11,2015,10,,9,,,,,,,,,,,,,,,,,,,,,,
913527,21 CFR 211.180(e)(2),Puerto Rico,Humacao,Drug Quality Assurance,NAI,Medline Industries Inc,3,11,2015,39,,7,,,,,,,,,,,,,,,,,,,,,,
913527,21 CFR 211.192,Ohio,Franklin,Drug Quality Assurance,NAI,Medline Industries Inc,3,11,2015,40,,7,,,,,,,,,,,,,,,,,,,,,,
913527,21 CFR 211.194(a)(2),Ohio,Rittman,Drug Quality Assurance,NAI,Medline Industries Inc,3,11,2015,28,,5,,,,,,,,,,,,,,,,,,,,,,
919303,21 CFR 211.84(d)(6),Arizona,Scottsdale,Postmarket Surv. and Epidemiology,NAI,"Health Innovations Pharmacy, Inc",2,27,2015,34,,9,,,,,,,,,,,,,,,,,,,,,,
919303,21 CFR 211.111,California,Hayward,Drug Quality Assurance,VAI,"Health Innovations Pharmacy, Inc",2,27,2015,26,,5,,,,,,,,,,,,,,,,,,,,,,
919303,21 CFR 211.113(b),Kentucky,Lexington,Drug Quality Assurance,NAI,"Health Innovations Pharmacy, Inc",2,27,2015,11,,4,,,,,,,,,,,,,,,,,,,,,,
919303,21 CFR 211.165(a),Tennessee,Jackson,Bioresearch Monitoring,VAI,"Health Innovations Pharmacy, Inc",2,27,2015,2,,1,,,,,,,,,,,,,,,,,,,,,,
919303,21 CFR 211.165(b),Kansas,Wichita,Bioresearch Monitoring,VAI,"Health Innovations Pharmacy, Inc",2,27,2015,36,,4,,,,,,,,,,,,,,,,,,,,,,
919303,21 CFR 211.166(a),Texas,San Antonio,Drug Quality Assurance,VAI,"Health Innovations Pharmacy, Inc",2,27,2015,24,,2,,,,,,,,,,,,,,,,,,,,,,
919303,21 CFR 211.167(a),South Carolina,Columbia,Drug Quality Assurance,NAI,"Health Innovations Pharmacy, Inc",2,27,2015,19,,2,,,,,,,,,,,,,,,,,,,,,,
918332,21 CFR 211.84(d)(3),New York,Farmingdale,Drug Quality Assurance,VAI,Lloyd Inc. of Iowa,2,20,2015,4,,10,,,,,,,,,,,,,,,,,,,,,,
918332,21 CFR 211.103,Florida,South Miami,Bioresearch Monitoring,NAI,Lloyd Inc. of Iowa,2,20,2015,4,,10,,,,,,,,,,,,,,,,,,,,,,
918332,21 CFR 211.110(a),Connecticut,Ridgefield,Bioresearch Monitoring,NAI,Lloyd Inc. of Iowa,2,20,2015,24,,2,,,,,,,,,,,,,,,,,,,,,,
918332,21 CFR 211.160(b)(2),Ohio,Cleveland,Drug Quality Assurance,NAI,Lloyd Inc. of Iowa,2,20,2015,22,,4,,,,,,,,,,,,,,,,,,,,,,
918332,21 CFR 211.160(b)(4),Massachusetts,Westborough,Drug Quality Assurance,NAI,Lloyd Inc. of Iowa,2,20,2015,10,,3,,,,,,,,,,,,,,,,,,,,,,
918332,21 CFR 211.165(e),Florida,Miami,Bioresearch Monitoring,NAI,Lloyd Inc. of Iowa,2,20,2015,24,,9,,,,,,,,,,,,,,,,,,,,,,
918332,21 CFR 211.166(a)(3),New York,Hicksville,Drug Quality Assurance,NAI,Lloyd Inc. of Iowa,2,20,2015,38,,5,,,,,,,,,,,,,,,,,,,,,,
915252,21 CFR 211.100(a),New Jersey,Edison,Drug Quality Assurance,OAI,Product Quest Manufacturing LLC,2,18,2015,34,,5,,,,,,,,,,,,,,,,,,,,,,
915252,21 CFR 211.115(a),Oklahoma,Newcastle,Drug Quality Assurance,NAI,Product Quest Manufacturing LLC,2,18,2015,35,,1,,,,,,,,,,,,,,,,,,,,,,
915252,21 CFR 211.180(e)(2),West Virginia,Milton,Drug Quality Assurance,VAI,Product Quest Manufacturing LLC,2,18,2015,12,,7,,,,,,,,,,,,,,,,,,,,,,
915252,21 CFR 211.192,Pennsylvania,Fort Washington,Bioresearch Monitoring,NAI,Product Quest Manufacturing LLC,2,18,2015,12,,8,,,,,,,,,,,,,,,,,,,,,,
914112,21 CFR 211.28(a),Indiana,Indianapolis,Drug Quality Assurance,OAI,"Central Admixture Pharmacy Services, Inc.",2,11,2015,23,,6,,,,,,,,,,,,,,,,,,,,,,
914112,21 CFR 211.113(b),Maryland,Salisbury,Postmarket Surv. and Epidemiology,NAI,"Central Admixture Pharmacy Services, Inc.",2,11,2015,3,,9,,,,,,,,,,,,,,,,,,,,,,
914112,21 CFR 211.113(b),California,Concord,Drug Quality Assurance,VAI,"Central Admixture Pharmacy Services, Inc.",2,11,2015,40,,10,,,,,,,,,,,,,,,,,,,,,,
914112,21 CFR 211.188(a),Florida,Miami,Bioresearch Monitoring,OAI,"Central Admixture Pharmacy Services, Inc.",2,11,2015,7,,5,,,,,,,,,,,,,,,,,,,,,,
914112,21 CFR 211.192,New Jersey,Jackson,Drug Quality Assurance,NAI,"Central Admixture Pharmacy Services, Inc.",2,11,2015,7,,8,,,,,,,,,,,,,,,,,,,,,,
912250,21 CFR 211.68(b),Colorado,Englewood,Drug Quality Assurance,NAI,Boiron,1,15,2015,18,,2,,,,,,,,,,,,,,,,,,,,,,
912250,21 CFR 211.84(a),Rhode Island,West Warwick,Drug Quality Assurance,VAI,Boiron,1,15,2015,34,,9,,,,,,,,,,,,,,,,,,,,,,
912250,21 CFR 211.100(a),Tennessee,Germantown,Bioresearch Monitoring,NAI,Boiron,1,15,2015,37,,4,,,,,,,,,,,,,,,,,,,,,,
912250,21 CFR 211.101(d),Pennsylvania,Allentown,Drug Quality Assurance,OAI,Boiron,1,15,2015,18,,2,,,,,,,,,,,,,,,,,,,,,,
912250,21 CFR 211.111,Tennessee,Bristol,Drug Quality Assurance,VAI,Boiron,1,15,2015,19,,3,,,,,,,,,,,,,,,,,,,,,,
912250,21 CFR 211.160(b),Washington,Bellevue,Bioresearch Monitoring,VAI,Boiron,1,15,2015,5,,9,,,,,,,,,,,,,,,,,,,,,,
912250,21 CFR 211.186(b)(9),Florida,Tampa,Drug Quality Assurance,NAI,Boiron,1,15,2015,10,,10,,,,,,,,,,,,,,,,,,,,,,
912250,21 CFR 211.192,Texas,Houston,Bioresearch Monitoring,VAI,Boiron,1,15,2015,37,,3,,,,,,,,,,,,,,,,,,,,,,
912250,21 CFR 211.192,Pennsylvania,Philadelphia,Drug Quality Assurance,NAI,Boiron,1,15,2015,29,,8,,,,,,,,,,,,,,,,,,,,,,
907020,21 CFR 211.165(e),New Jersey,Pennington,Postmarket Surv. and Epidemiology,NAI,Watson Laboratories Inc,12,8,2014,31,,4,,,,,,,,,,,,,,,,,,,,,,
907020,21 CFR 211.192,Ohio,Oakwood Village,Drug Quality Assurance,NAI,Watson Laboratories Inc,12,8,2014,8,,4,,,,,,,,,,,,,,,,,,,,,,
901775,21 CFR 211.42(a),Virginia,Roanoke,Drug Quality Assurance,NAI,"Fresenius Kabi USA, LLC",10,24,2014,24,,4,,,,,,,,,,,,,,,,,,,,,,
901775,21 CFR 211.84(b),Pennsylvania,Aston,Unapproved and Misbranded Drugs,OAI,"Fresenius Kabi USA, LLC",10,24,2014,14,,10,,,,,,,,,,,,,,,,,,,,,,
895649,21 CFR 211.160(a),New Jersey,Princeton,Bioresearch Monitoring,VAI,L. Perrigo Company,9,16,2014,7,,2,,,,,,,,,,,,,,,,,,,,,,
895649,21 CFR 211.165(e),Ohio,Lima,Drug Quality Assurance,NAI,L. Perrigo Company,9,16,2014,18,,5,,,,,,,,,,,,,,,,,,,,,,
895238,21 CFR 211.160(b)(1),California,South San Francisco,Postmarket Surv. and Epidemiology,VAI,Merck Sharp & Dohme Corp.,9,12,2014,17,,3,,,,,,,,,,,,,,,,,,,,,,
895756,21 CFR 211.198(a),Arizona,Chandler,Drug Quality Assurance,NAI,Cadila Healthcare Limited,9,5,2014,21,,3,,,,,,,,,,,,,,,,,,,,,,
885413,21 CFR 211.42(c),North Carolina,Raleigh,Bioresearch Monitoring,NAI,"Martin Avenue Pharmacy, Inc.",7,21,2014,9,,6,,,,,,,,,,,,,,,,,,,,,,
885413,21 CFR 211.46(b),North Carolina,Asheville,Drug Quality Assurance,OAI,"Martin Avenue Pharmacy, Inc.",7,21,2014,21,,1,,,,,,,,,,,,,,,,,,,,,,
885413,21 CFR 211.65(a),California,Los Angeles,Bioresearch Monitoring,VAI,"Martin Avenue Pharmacy, Inc.",7,21,2014,14,,8,,,,,,,,,,,,,,,,,,,,,,
885413,21 CFR 211.67(a),Florida,Tamarac,Unapproved and Misbranded Drugs,VAI,"Martin Avenue Pharmacy, Inc.",7,21,2014,12,,9,,,,,,,,,,,,,,,,,,,,,,
885413,21 CFR 211.80(b),Florida,Palm Springs,Drug Quality Assurance,VAI,"Martin Avenue Pharmacy, Inc.",7,21,2014,22,,7,,,,,,,,,,,,,,,,,,,,,,
885413,21 CFR 211.84(d)(2),Florida,Palm Springs,Unapproved and Misbranded Drugs,NAI,"Martin Avenue Pharmacy, Inc.",7,21,2014,21,,9,,,,,,,,,,,,,,,,,,,,,,
885413,21 CFR 211.94(c),California,Los Angeles,Bioresearch Monitoring,VAI,"Martin Avenue Pharmacy, Inc.",7,21,2014,27,,9,,,,,,,,,,,,,,,,,,,,,,
885413,21 CFR 211.111,New Jersey,New Brunswick,Drug Quality Assurance,NAI,"Martin Avenue Pharmacy, Inc.",7,21,2014,37,,4,,,,,,,,,,,,,,,,,,,,,,
885413,21 CFR 211.166(a),California,La Verne,Bioresearch Monitoring,NAI,"Martin Avenue Pharmacy, Inc.",7,21,2014,16,,6,,,,,,,,,,,,,,,,,,,,,,
885413,21 CFR 211.167(a),California,City Of Industry,Drug Quality Assurance,NAI,"Martin Avenue Pharmacy, Inc.",7,21,2014,33,,5,,,,,,,,,,,,,,,,,,,,,,
887817,21 CFR 211.22(b),Missouri,Fenton,Drug Quality Assurance,NAI,"Downing Labs, LLC",7,16,2014,34,,8,,,,,,,,,,,,,,,,,,,,,,
887817,21 CFR 211.22(c),Michigan,Grand Haven,Drug Quality Assurance,VAI,"Downing Labs, LLC",7,16,2014,15,,4,,,,,,,,,,,,,,,,,,,,,,
887817,21 CFR 211.28(a),Minnesota,Saint Paul,Drug Quality Assurance,NAI,"Downing Labs, LLC",7,16,2014,26,,9,,,,,,,,,,,,,,,,,,,,,,
887817,21 CFR 211.42(c)(10)(iv),New Jersey,Rahway,Drug Quality Assurance,NAI,"Downing Labs, LLC",7,16,2014,31,,2,,,,,,,,,,,,,,,,,,,,,,
887817,21 CFR 211.42(c)(10)(v),New Jersey,Rockaway,Drug Quality Assurance,NAI,"Downing Labs, LLC",7,16,2014,14,,7,,,,,,,,,,,,,,,,,,,,,,
887817,21 CFR 211.42(c)(10)(vi),Minnesota,Saint Paul,Drug Quality Assurance,VAI,"Downing Labs, LLC",7,16,2014,27,,5,,,,,,,,,,,,,,,,,,,,,,
887817,21 CFR 211.63,Pennsylvania,Donora,Drug Quality Assurance,NAI,"Downing Labs, LLC",7,16,2014,40,,4,,,,,,,,,,,,,,,,,,,,,,
887817,21 CFR 211.67(a),Florida,Largo,Drug Quality Assurance,NAI,"Downing Labs, LLC",7,16,2014,26,,9,,,,,,,,,,,,,,,,,,,,,,
887817,21 CFR 211.113(b),Nevada,Las Vegas,Drug Quality Assurance,VAI,"Downing Labs, LLC",7,16,2014,30,,10,,,,,,,,,,,,,,,,,,,,,,
887817,21 CFR 211.166(a),Nevada,Las Vegas,Drug Quality Assurance,VAI,"Downing Labs, LLC",7,16,2014,6,,1,,,,,,,,,,,,,,,,,,,,,,
887817,21 CFR 211.167(a),New Jersey,Bridgewater,Drug Quality Assurance,NAI,"Downing Labs, LLC",7,16,2014,28,,4,,,,,,,,,,,,,,,,,,,,,,
887817,21 CFR 211.192,New Jersey,Phillipsburg,Drug Quality Assurance,NAI,"Downing Labs, LLC",7,16,2014,23,,5,,,,,,,,,,,,,,,,,,,,,,
884768,21 CFR 211.22(a),Idaho,Boise,Drug Quality Assurance,NAI,Wells Pharmacy Network LLC,6,19,2014,18,,6,,,,,,,,,,,,,,,,,,,,,,
884768,21 CFR 211.28(a),New York,Amityville,Drug Quality Assurance,VAI,Wells Pharmacy Network LLC,6,19,2014,7,,6,,,,,,,,,,,,,,,,,,,,,,
884768,21 CFR 211.42(c)(10)(iii),New York,Amityville,Postmarket Surv. and Epidemiology,VAI,Wells Pharmacy Network LLC,6,19,2014,32,,5,,,,,,,,,,,,,,,,,,,,,,
884768,21 CFR 211.42(c)(10)(iv),Louisiana,Hammond,Bioresearch Monitoring,NAI,Wells Pharmacy Network LLC,6,19,2014,34,,1,,,,,,,,,,,,,,,,,,,,,,
884768,21 CFR 211.84(d)(2),Massachusetts,Hingham,Drug Quality Assurance,VAI,Wells Pharmacy Network LLC,6,19,2014,2,,7,,,,,,,,,,,,,,,,,,,,,,
884768,21 CFR 211.100(a),New York,Amityville,Drug Quality Assurance,VAI,Wells Pharmacy Network LLC,6,19,2014,25,,3,,,,,,,,,,,,,,,,,,,,,,
884768,21 CFR 211.113(b),New York,Amityville,Postmarket Surv. and Epidemiology,VAI,Wells Pharmacy Network LLC,6,19,2014,40,,3,,,,,,,,,,,,,,,,,,,,,,
884768,21 CFR 211.165(b),Rhode Island,Cumberland,Drug Quality Assurance,VAI,Wells Pharmacy Network LLC,6,19,2014,11,,8,,,,,,,,,,,,,,,,,,,,,,
884768,21 CFR 211.166(a),Minnesota,Minneapolis,Drug Quality Assurance,NAI,Wells Pharmacy Network LLC,6,19,2014,35,,5,,,,,,,,,,,,,,,,,,,,,,
884768,21 CFR 211.166(a)(5),California,La Mesa,Bioresearch Monitoring,VAI,Wells Pharmacy Network LLC,6,19,2014,40,,5,,,,,,,,,,,,,,,,,,,,,,
884768,21 CFR 211.188,Maine,Auburn,Bioresearch Monitoring,NAI,Wells Pharmacy Network LLC,6,19,2014,35,,10,,,,,,,,,,,,,,,,,,,,,,
884768,21 CFR 211.198(a),New Jersey,Edison,Drug Quality Assurance,NAI,Wells Pharmacy Network LLC,6,19,2014,28,,7,,,,,,,,,,,,,,,,,,,,,,
883358,21 CFR 211.56(a),Georgia,Atlanta,Bioresearch Monitoring,NAI,"Central Admixture Pharmacy Services, Inc.",6,11,2014,18,,5,,,,,,,,,,,,,,,,,,,,,,
883358,21 CFR 211.84(a),Texas,Houston,Bioresearch Monitoring,VAI,"Central Admixture Pharmacy Services, Inc.",6,11,2014,31,,4,,,,,,,,,,,,,,,,,,,,,,
883358,21 CFR 211.113(b),New Jersey,Rahway,Bioresearch Monitoring,VAI,"Central Admixture Pharmacy Services, Inc.",6,11,2014,27,,2,,,,,,,,,,,,,,,,,,,,,,
880292,21 CFR 314.80(c)(1)(i),California,Anaheim,Drug Quality Assurance,VAI,Lupin Pharmaceuticals Inc.,5,23,2014,36,,4,,,,,,,,,,,,,,,,,,,,,,
875552,21 CFR 211.160(b),New Jersey,Ledgewood,Drug Quality Assurance,OAI,Watson Laboratories Inc,4,21,2014,29,,6,,,,,,,,,,,,,,,,,,,,,,
875552,21 CFR 211.165(e),New York,Cortland,Drug Quality Assurance,NAI,Watson Laboratories Inc,4,21,2014,27,,1,,,,,,,,,,,,,,,,,,,,,,
872676,21 CFR 211.100(b),New Jersey,Kenilworth,Drug Quality Assurance,NAI,"Pharmakon Pharmaceuticals, Inc.",4,8,2014,40,,1,,,,,,,,,,,,,,,,,,,,,,
872676,21 CFR 211.130(d),Pennsylvania,Philadelphia,Drug Quality Assurance,VAI,"Pharmakon Pharmaceuticals, Inc.",4,8,2014,35,,1,,,,,,,,,,,,,,,,,,,,,,
872676,21 CFR 211.134(c),Pennsylvania,Philadelphia,Unapproved and Misbranded Drugs,NAI,"Pharmakon Pharmaceuticals, Inc.",4,8,2014,19,,9,,,,,,,,,,,,,,,,,,,,,,
872676,21 CFR 211.186(a),Maryland,Baltimore,Bioresearch Monitoring,VAI,"Pharmakon Pharmaceuticals, Inc.",4,8,2014,3,,6,,,,,,,,,,,,,,,,,,,,,,
872676,21 CFR 211.192,Ohio,Cincinnati,Bioresearch Monitoring,NAI,"Pharmakon Pharmaceuticals, Inc.",4,8,2014,14,,4,,,,,,,,,,,,,,,,,,,,,,
877947,21 CFR 211.42(c)(10)(v),Minnesota,Wayzata,Postmarket Surv. and Epidemiology,NAI,SCA Pharmaceuticals,4,2,2014,38,,2,,,,,,,,,,,,,,,,,,,,,,
877947,21 CFR 211.42(c)(10)(vi),New Mexico,Los Alamos,Drug Quality Assurance,VAI,SCA Pharmaceuticals,4,2,2014,34,,1,,,,,,,,,,,,,,,,,,,,,,
877947,21 CFR 211.56(a),Texas,San Antonio,Drug Quality Assurance,NAI,SCA Pharmaceuticals,4,2,2014,29,,10,,,,,,,,,,,,,,,,,,,,,,
877947,21 CFR 211.113(b),Washington,Vancouver,Drug Quality Assurance,VAI,SCA Pharmaceuticals,4,2,2014,27,,7,,,,,,,,,,,,,,,,,,,,,,
874864,21 CFR 211.100(b),California,Irvine,Bioresearch Monitoring,VAI,"TG United, Inc.",4,1,2014,3,,2,,,,,,,,,,,,,,,,,,,,,,
874864,21 CFR 211.166(b),New Jersey,Pennsauken,Drug Quality Assurance,NAI,"TG United, Inc.",4,1,2014,27,,3,,,,,,,,,,,,,,,,,,,,,,
874864,21 CFR 211.192,Texas,Austin,Bioresearch Monitoring,NAI,"TG United, Inc.",4,1,2014,40,,10,,,,,,,,,,,,,,,,,,,,,,
874864,21 CFR 211.198(a),New York,Patchogue,Drug Quality Assurance,NAI,"TG United, Inc.",4,1,2014,5,,2,,,,,,,,,,,,,,,,,,,,,,
874864,21 CFR 211.204,Maryland,Chevy Chase,Bioresearch Monitoring,NAI,"TG United, Inc.",4,1,2014,28,,4,,,,,,,,,,,,,,,,,,,,,,
874866,21 CFR 211.63,Illinois,Round Lake,Drug Quality Assurance,NAI,"TG United, Inc.",4,1,2014,36,,1,,,,,,,,,,,,,,,,,,,,,,
874866,21 CFR 211.166(b),Puerto Rico,Canovanas,Drug Quality Assurance,VAI,"TG United, Inc.",4,1,2014,3,,2,,,,,,,,,,,,,,,,,,,,,,
874866,21 CFR 211.198(a),Michigan,Kalamazoo,Bioresearch Monitoring,NAI,"TG United, Inc.",4,1,2014,5,,5,,,,,,,,,,,,,,,,,,,,,,
874866,21 CFR 211.204,Texas,Houston,Bioresearch Monitoring,NAI,"TG United, Inc.",4,1,2014,21,,3,,,,,,,,,,,,,,,,,,,,,,
874869,21 CFR 211.166(b),Pennsylvania,Bethlehem,Drug Quality Assurance,VAI,"TG United, Inc.",4,1,2014,13,,9,,,,,,,,,,,,,,,,,,,,,,
874869,21 CFR 211.192,Texas,Houston,Bioresearch Monitoring,NAI,"TG United, Inc.",4,1,2014,13,,3,,,,,,,,,,,,,,,,,,,,,,
874818,21 CFR 211.28(a),Missouri,Kansas City,Drug Quality Assurance,NAI,US Compounding Inc,3,27,2014,39,,4,,,,,,,,,,,,,,,,,,,,,,
874818,21 CFR 211.42(c)(10)(v),California,Chatsworth,Drug Quality Assurance,VAI,US Compounding Inc,3,27,2014,29,,6,,,,,,,,,,,,,,,,,,,,,,
874818,21 CFR 211.67(a),Maryland,Owings Mills,Bioresearch Monitoring,NAI,US Compounding Inc,3,27,2014,20,,6,,,,,,,,,,,,,,,,,,,,,,
874818,21 CFR 211.113(b),New Jersey,Pennsauken,Drug Quality Assurance,VAI,US Compounding Inc,3,27,2014,12,,7,,,,,,,,,,,,,,,,,,,,,,
874818,21 CFR 211.165(a),Texas,Arlington,Bioresearch Monitoring,VAI,US Compounding Inc,3,27,2014,38,,1,,,,,,,,,,,,,,,,,,,,,,
874818,21 CFR 211.167(a),New York,Norwich,Drug Quality Assurance,NAI,US Compounding Inc,3,27,2014,21,,1,,,,,,,,,,,,,,,,,,,,,,
871040,21 CFR 211.166(a),Florida,Tallahassee,Drug Quality Assurance,VAI,Mylan Pharmaceuticals Inc.,3,21,2014,36,,4,,,,,,,,,,,,,,,,,,,,,,
871040,21 CFR 211.194(e),Colorado,Denver,Drug Quality Assurance,VAI,Mylan Pharmaceuticals Inc.,3,21,2014,3,,10,,,,,,,,,,,,,,,,,,,,,,
872604,21 CFR 211.28(a),Missouri,Creve Coeur,Bioresearch Monitoring,NAI,John W Hollis Inc,3,21,2014,14,,7,,,,,,,,,,,,,,,,,,,,,,
872604,21 CFR 211.42(a),Washington,Fife,Drug Quality Assurance,NAI,John W Hollis Inc,3,21,2014,20,,10,,,,,,,,,,,,,,,,,,,,,,
872604,21 CFR 211.42(c)(10)(iii),New York,Brookhaven,Drug Quality Assurance,VAI,John W Hollis Inc,3,21,2014,33,,5,,,,,,,,,,,,,,,,,,,,,,
872604,21 CFR 211.42(c)(10)(iv),Illinois,Chicago,Unapproved and Misbranded Drugs,VAI,John W Hollis Inc,3,21,2014,38,,4,,,,,,,,,,,,,,,,,,,,,,
872604,21 CFR 211.84(a),Maryland,Rockville,Bioresearch Monitoring,NAI,John W Hollis Inc,3,21,2014,30,,9,,,,,,,,,,,,,,,,,,,,,,
872604,21 CFR 211.94(c),California,Goleta,Drug Quality Assurance,VAI,John W Hollis Inc,3,21,2014,24,,7,,,,,,,,,,,,,,,,,,,,,,
872604,21 CFR 211.113(b),California,Goleta,Unapproved and Misbranded Drugs,VAI,John W Hollis Inc,3,21,2014,12,,5,,,,,,,,,,,,,,,,,,,,,,
872604,21 CFR 211.160(b)(4),Ohio,Dayton,Bioresearch Monitoring,NAI,John W Hollis Inc,3,21,2014,22,,1,,,,,,,,,,,,,,,,,,,,,,
872604,21 CFR 211.165(a),Texas,San Antonio,Bioresearch Monitoring,VAI,John W Hollis Inc,3,21,2014,18,,2,,,,,,,,,,,,,,,,,,,,,,
872604,21 CFR 211.166(a),Puerto Rico,Gurabo,Drug Quality Assurance,VAI,John W Hollis Inc,3,21,2014,13,,8,,,,,,,,,,,,,,,,,,,,,,
872604,21 CFR 211.167(a),New York,Holtsville,Drug Quality Assurance,OAI,John W Hollis Inc,3,21,2014,4,,4,,,,,,,,,,,,,,,,,,,,,,
872208,21 CFR 211.68(b),Minnesota,Eagan,Drug Quality Assurance,VAI,"Ohm Laboratories, Inc.",3,18,2014,29,,6,,,,,,,,,,,,,,,,,,,,,,
870308,21 CFR 211.28(a),Texas,Fort Worth,Unapproved and Misbranded Drugs,NAI,"KRS Global Biotechnology, Inc",3,17,2014,9,,6,,,,,,,,,,,,,,,,,,,,,,
870308,21 CFR 211.42(c)(10)(iii),California,Vacaville,Bioresearch Monitoring,VAI,"KRS Global Biotechnology, Inc",3,17,2014,8,,10,,,,,,,,,,,,,,,,,,,,,,
869135,21 CFR 211.28(a),New York,Albany,Bioresearch Monitoring,NAI,Wells Pharmacy Network LLC,3,7,2014,29,,2,,,,,,,,,,,,,,,,,,,,,,
869135,21 CFR 211.42(c)(10)(iv),New Jersey,Cherry Hill,Drug Quality Assurance,VAI,Wells Pharmacy Network LLC,3,7,2014,34,,5,,,,,,,,,,,,,,,,,,,,,,
869135,21 CFR 211.42(c)(10)(v),New York,New York,Unapproved and Misbranded Drugs,OAI,Wells Pharmacy Network LLC,3,7,2014,19,,2,,,,,,,,,,,,,,,,,,,,,,
869135,21 CFR 211.160(b)(4),Pennsylvania,Philadelphia,Bioresearch Monitoring,NAI,Wells Pharmacy Network LLC,3,7,2014,11,,1,,,,,,,,,,,,,,,,,,,,,,
869135,21 CFR 211.198(a),New Jersey,Hamilton,Drug Quality Assurance,NAI,Wells Pharmacy Network LLC,3,7,2014,10,,1,,,,,,,,,,,,,,,,,,,,,,
869831,21 CFR 211.28(a),Florida,Riviera Beach,Drug Quality Assurance,VAI,"Central Admixture Pharmacy Services, Inc.",2,20,2014,12,,9,,,,,,,,,,,,,,,,,,,,,,
869831,21 CFR 211.113(b),South Carolina,Charleston,Drug Quality Assurance,NAI,"Central Admixture Pharmacy Services, Inc.",2,20,2014,6,,2,,,,,,,,,,,,,,,,,,,,,,
869831,21 CFR 211.160(b),Louisiana,Shreveport,Drug Quality Assurance,VAI,"Central Admixture Pharmacy Services, Inc.",2,20,2014,14,,4,,,,,,,,,,,,,,,,,,,,,,
869831,21 CFR 211.160(b)(3),California,Camarillo,Drug Quality Assurance,VAI,"Central Admixture Pharmacy Services, Inc.",2,20,2014,17,,6,,,,,,,,,,,,,,,,,,,,,,
869831,21 CFR 211.192,New York,Deer Park,Drug Quality Assurance,VAI,"Central Admixture Pharmacy Services, Inc.",2,20,2014,16,,4,,,,,,,,,,,,,,,,,,,,,,
864714,21 CFR 211.84(a),California,Colton,Drug Quality Assurance,VAI,Baxter Healthcare Corporation,2,11,2014,33,,2,,,,,,,,,,,,,,,,,,,,,,
864714,21 CFR 211.110(a),Michigan,Saginaw,Drug Quality Assurance,NAI,Baxter Healthcare Corporation,2,11,2014,14,,10,,,,,,,,,,,,,,,,,,,,,,
864714,21 CFR 314.81(b)(1)(ii),Pennsylvania,Philadelphia,Bioresearch Monitoring,NAI,Baxter Healthcare Corporation,2,11,2014,24,,5,,,,,,,,,,,,,,,,,,,,,,
864887,21 CFR 211.22(d),Kansas,Kansas City,Drug Quality Assurance,VAI,Baxter Healthcare Corporation,1,24,2014,32,,6,,,,,,,,,,,,,,,,,,,,,,
864887,21 CFR 211.67(c),Ohio,Columbus,Drug Quality Assurance,NAI,Baxter Healthcare Corporation,1,24,2014,30,,10,,,,,,,,,,,,,,,,,,,,,,
864887,21 CFR 211.160(b),Ohio,Columbus,Bioresearch Monitoring,NAI,Baxter Healthcare Corporation,1,24,2014,6,,1,,,,,,,,,,,,,,,,,,,,,,
863164,21 CFR 211.22(a),Washington,Bellevue,Drug Quality Assurance,VAI,Baxter Healthcare Corporation,1,23,2014,9,,2,,,,,,,,,,,,,,,,,,,,,,
863164,21 CFR 211.22(c),Washington,Bellevue,Unapproved and Misbranded Drugs,VAI,Baxter Healthcare Corporation,1,23,2014,24,,9,,,,,,,,,,,,,,,,,,,,,,
863164,21 CFR 211.68(a),Florida,Aventura,Bioresearch Monitoring,NAI,Baxter Healthcare Corporation,1,23,2014,30,,2,,,,,,,,,,,,,,,,,,,,,,
863164,21 CFR 211.84(d)(2),Washington,Bellevue,Drug Quality Assurance,VAI,Baxter Healthcare Corporation,1,23,2014,31,,2,,,,,,,,,,,,,,,,,,,,,,
863164,21 CFR 211.110(a),Washington,Bellevue,Unapproved and Misbranded Drugs,VAI,Baxter Healthcare Corporation,1,23,2014,40,,10,,,,,,,,,,,,,,,,,,,,,,
863693,21 CFR 211.192,California,Laguna Hills,Bioresearch Monitoring,VAI,Sage Products Inc,1,15,2014,9,,8,,,,,,,,,,,,,,,,,,,,,,
860977,21 CFR 211.100(a),Nebraska,Kearney,Bioresearch Monitoring,NAI,"Lannett Company, Inc.",12,23,2013,32,,7,,,,,,,,,,,,,,,,,,,,,,
860977,21 CFR 211.110(a),Minnesota,Elk River,Bioresearch Monitoring,NAI,"Lannett Company, Inc.",12,23,2013,33,,4,,,,,,,,,,,,,,,,,,,,,,
860977,21 CFR 211.142(b),New York,Carmel,Drug Quality Assurance,VAI,"Lannett Company, Inc.",12,23,2013,3,,8,,,,,,,,,,,,,,,,,,,,,,
855209,21 CFR 212.50(c)(10),Texas,Rosenberg,Drug Quality Assurance,VAI,Cardinal Health,11,14,2013,36,,10,,,,,,,,,,,,,,,,,,,,,,
853222,21 CFR 211.25(a),Florida,North Miami,Bioresearch Monitoring,NAI,Cantrell Drug Company,11,4,2013,13,,4,,,,,,,,,,,,,,,,,,,,,,
853222,21 CFR 211.84(d)(1),North Carolina,Greenville,Drug Quality Assurance,NAI,Cantrell Drug Company,11,4,2013,23,,8,,,,,,,,,,,,,,,,,,,,,,
853222,21 CFR 211.87,Connecticut,Manchester,Bioresearch Monitoring,VAI,Cantrell Drug Company,11,4,2013,11,,5,,,,,,,,,,,,,,,,,,,,,,
853222,21 CFR 211.94(c),Oklahoma,Enid,Drug Quality Assurance,VAI,Cantrell Drug Company,11,4,2013,7,,9,,,,,,,,,,,,,,,,,,,,,,
853222,21 CFR 211.113(b),Puerto Rico,Arecibo,Drug Quality Assurance,VAI,Cantrell Drug Company,11,4,2013,7,,7,,,,,,,,,,,,,,,,,,,,,,
853222,21 CFR 211.160(b),California,Fountain Valley,Drug Quality Assurance,NAI,Cantrell Drug Company,11,4,2013,15,,10,,,,,,,,,,,,,,,,,,,,,,
853863,21 CFR 211.22(d),Pennsylvania,Pittsburgh,Bioresearch Monitoring,VAI,AstraZeneca Pharmaceuticals LP,10,25,2013,26,,9,,,,,,,,,,,,,,,,,,,,,,
853863,21 CFR 211.198(b)(2),New York,Grand Island,Drug Quality Assurance,OAI,AstraZeneca Pharmaceuticals LP,10,25,2013,40,,2,,,,,,,,,,,,,,,,,,,,,,
852610,21 CFR 211.22(d),South Carolina,Columbia,Drug Quality Assurance,NAI,Apotex Inc.,8,20,2013,21,,2,,,,,,,,,,,,,,,,,,,,,,
852610,21 CFR 211.46(b),Missouri,Saint Peters,Drug Quality Assurance,NAI,Apotex Inc.,8,20,2013,18,,6,,,,,,,,,,,,,,,,,,,,,,
852610,21 CFR 211.100(b),California,Commerce,Drug Quality Assurance,VAI,Apotex Inc.,8,20,2013,13,,7,,,,,,,,,,,,,,,,,,,,,,
852610,21 CFR 211.113(b),West Virginia,Morgantown,Drug Quality Assurance,NAI,Apotex Inc.,8,20,2013,21,,6,,,,,,,,,,,,,,,,,,,,,,
852610,21 CFR 211.192,Maryland,Bethesda,Bioresearch Monitoring,NAI,Apotex Inc.,8,20,2013,37,,10,,,,,,,,,,,,,,,,,,,,,,
844132,21 CFR 211.22(d),Florida,Winter Springs,Unapproved and Misbranded Drugs,OAI,"Lannett Company, Inc.",8,6,2013,23,,5,,,,,,,,,,,,,,,,,,,,,,
844132,21 CFR 211.46(b),New York,Ronkonkoma,Unapproved and Misbranded Drugs,VAI,"Lannett Company, Inc.",8,6,2013,13,,2,,,,,,,,,,,,,,,,,,,,,,
844132,21 CFR 211.63,Texas,San Antonio,Bioresearch Monitoring,NAI,"Lannett Company, Inc.",8,6,2013,15,,7,,,,,,,,,,,,,,,,,,,,,,
844132,21 CFR 211.110(a),Kentucky,Lexington,Bioresearch Monitoring,VAI,"Lannett Company, Inc.",8,6,2013,24,,4,,,,,,,,,,,,,,,,,,,,,,
844132,21 CFR 211.110(b),Florida,Deland,Bioresearch Monitoring,NAI,"Lannett Company, Inc.",8,6,2013,18,,2,,,,,,,,,,,,,,,,,,,,,,
844026,21 CFR 211.58,Texas,Grand Saline,Drug Quality Assurance,NAI,"Aidapak Services, LLC",7,31,2013,6,,1,,,,,,,,,,,,,,,,,,,,,,
844026,21 CFR 211.67(b),South Carolina,Easley,Drug Quality Assurance,NAI,"Aidapak Services, LLC",7,31,2013,38,,4,,,,,,,,,,,,,,,,,,,,,,
844026,21 CFR 211.125(a),New York,New York,Drug Quality Assurance,VAI,"Aidapak Services, LLC",7,31,2013,33,,8,,,,,,,,,,,,,,,,,,,,,,
844026,21 CFR 211.130,New York,New York,Postmarket Surv. and Epidemiology,VAI,"Aidapak Services, LLC",7,31,2013,24,,5,,,,,,,,,,,,,,,,,,,,,,
844026,21 CFR 211.130(d),California,Los Angeles,Drug Quality Assurance,NAI,"Aidapak Services, LLC",7,31,2013,26,,9,,,,,,,,,,,,,,,,,,,,,,
844026,21 CFR 211.130(e),Missouri,Union,Drug Quality Assurance,NAI,"Aidapak Services, LLC",7,31,2013,9,,9,,,,,,,,,,,,,,,,,,,,,,
844026,21 CFR 211.170(b),Florida,Hialeah,Drug Quality Assurance,VAI,"Aidapak Services, LLC",7,31,2013,20,,1,,,,,,,,,,,,,,,,,,,,,,
844026,21 CFR 211.192,Florida,Hialeah,Unapproved and Misbranded Drugs,VAI,"Aidapak Services, LLC",7,31,2013,18,,9,,,,,,,,,,,,,,,,,,,,,,
843527,21 CFR 211.42(c)(10)(iii),Ohio,Sharonville,Drug Quality Assurance,VAI,Wells Pharmacy Network LLC,7,26,2013,37,,6,,,,,,,,,,,,,,,,,,,,,,
843527,21 CFR 211.42(c)(10)(iv),Ohio,Cincinnati,Drug Quality Assurance,VAI,Wells Pharmacy Network LLC,7,26,2013,31,,5,,,,,,,,,,,,,,,,,,,,,,
843527,21 CFR 211.68(a),New Jersey,Cedar Grove,Drug Quality Assurance,VAI,Wells Pharmacy Network LLC,7,26,2013,33,,8,,,,,,,,,,,,,,,,,,,,,,
843527,21 CFR 211.113(b),New Jersey,Bridgewater,Bioresearch Monitoring,NAI,Wells Pharmacy Network LLC,7,26,2013,18,,5,,,,,,,,,,,,,,,,,,,,,,
843527,21 CFR 211.113(b),California,Fresno,Bioresearch Monitoring,OAI,Wells Pharmacy Network LLC,7,26,2013,36,,7,,,,,,,,,,,,,,,,,,,,,,
843527,21 CFR 211.165(a),Ohio,Columbus,Drug Quality Assurance,NAI,Wells Pharmacy Network LLC,7,26,2013,27,,1,,,,,,,,,,,,,,,,,,,,,,
843527,21 CFR 211.166(a),Ohio,Cincinnati,Drug Quality Assurance,VAI,Wells Pharmacy Network LLC,7,26,2013,10,,7,,,,,,,,,,,,,,,,,,,,,,
843527,21 CFR 211.192,Florida,Fort Lauderdale,Bioresearch Monitoring,NAI,Wells Pharmacy Network LLC,7,26,2013,34,,10,,,,,,,,,,,,,,,,,,,,,,
841366,21 CFR 211.22(d),Tennessee,Cookeville,Drug Quality Assurance,NAI,"Beacon Hill Medical Pharmacy, P.C.",7,19,2013,39,,10,,,,,,,,,,,,,,,,,,,,,,
841366,21 CFR 211.63,New York,Middleburgh,Drug Quality Assurance,NAI,"Beacon Hill Medical Pharmacy, P.C.",7,19,2013,23,,5,,,,,,,,,,,,,,,,,,,,,,
841366,21 CFR 211.67(a),California,Sacramento,Unapproved and Misbranded Drugs,VAI,"Beacon Hill Medical Pharmacy, P.C.",7,19,2013,14,,5,,,,,,,,,,,,,,,,,,,,,,
841366,21 CFR 211.94(c),California,Carson,Bioresearch Monitoring,NAI,"Beacon Hill Medical Pharmacy, P.C.",7,19,2013,10,,10,,,,,,,,,,,,,,,,,,,,,,
841366,21 CFR 211.111,Illinois,Libertyville,Drug Quality Assurance,NAI,"Beacon Hill Medical Pharmacy, P.C.",7,19,2013,8,,6,,,,,,,,,,,,,,,,,,,,,,
841366,21 CFR 211.113(b),North Carolina,Charlotte,Bioresearch Monitoring,NAI,"Beacon Hill Medical Pharmacy, P.C.",7,19,2013,34,,4,,,,,,,,,,,,,,,,,,,,,,
841366,21 CFR 211.160(a),Ohio,Cincinnati,Bioresearch Monitoring,NAI,"Beacon Hill Medical Pharmacy, P.C.",7,19,2013,30,,5,,,,,,,,,,,,,,,,,,,,,,
841366,21 CFR 211.188(b),Missouri,Saint Louis,Bioresearch Monitoring,NAI,"Beacon Hill Medical Pharmacy, P.C.",7,19,2013,7,,9,,,,,,,,,,,,,,,,,,,,,,
842993,21 CFR 211.194(d),Illinois,Blue Island,Drug Quality Assurance,VAI,The Procter & Gamble Manufacturing Company,7,18,2013,27,,9,,,,,,,,,,,,,,,,,,,,,,
839893,21 CFR 211.67(a),Texas,Alvin,Postmarket Surv. and Epidemiology,VAI,L'Oreal USA Products Inc,6,20,2013,30,,9,,,,,,,,,,,,,,,,,,,,,,
839893,21 CFR 211.180(e)(2),Colorado,Fort Collins,Drug Quality Assurance,VAI,L'Oreal USA Products Inc,6,20,2013,24,,8,,,,,,,,,,,,,,,,,,,,,,
835574,21 CFR 211.100(b),Pennsylvania,Levittown,Drug Quality Assurance,VAI,"Blenheim Pharmacal, Inc.",6,19,2013,10,,8,,,,,,,,,,,,,,,,,,,,,,
835574,21 CFR 211.142(b),Virginia,Lynchburg,Drug Quality Assurance,VAI,"Blenheim Pharmacal, Inc.",6,19,2013,30,,7,,,,,,,,,,,,,,,,,,,,,,
838639,21 CFR 211.22(a),Mississippi,Olive Branch,Postmarket Surv. and Epidemiology,VAI,"Main Street Family Pharmacy, LLC",6,11,2013,22,,6,,,,,,,,,,,,,,,,,,,,,,
838639,21 CFR 211.28(a),Pennsylvania,Philadelphia,Bioresearch Monitoring,VAI,"Main Street Family Pharmacy, LLC",6,11,2013,21,,3,,,,,,,,,,,,,,,,,,,,,,
838639,21 CFR 211.42(a),California,South San Francisco,Postmarket Surv. and Epidemiology,NAI,"Main Street Family Pharmacy, LLC",6,11,2013,5,,3,,,,,,,,,,,,,,,,,,,,,,
838639,21 CFR 211.56(a),Connecticut,Cheshire,Drug Quality Assurance,NAI,"Main Street Family Pharmacy, LLC",6,11,2013,5,,10,,,,,,,,,,,,,,,,,,,,,,
838639,21 CFR 211.56(b),Massachusetts,Cambridge,Bioresearch Monitoring,NAI,"Main Street Family Pharmacy, LLC",6,11,2013,33,,10,,,,,,,,,,,,,,,,,,,,,,
838639,21 CFR 211.63,New Jersey,Lodi,Drug Quality Assurance,NAI,"Main Street Family Pharmacy, LLC",6,11,2013,31,,8,,,,,,,,,,,,,,,,,,,,,,
838639,21 CFR 211.68(a),New York,New York,Bioresearch Monitoring,NAI,"Main Street Family Pharmacy, LLC",6,11,2013,14,,3,,,,,,,,,,,,,,,,,,,,,,
838639,21 CFR 211.80(b),Michigan,Holland,Drug Quality Assurance,VAI,"Main Street Family Pharmacy, LLC",6,11,2013,28,,10,,,,,,,,,,,,,,,,,,,,,,
838639,21 CFR 211.84(a),North Carolina,Durham,Bioresearch Monitoring,NAI,"Main Street Family Pharmacy, LLC",6,11,2013,39,,7,,,,,,,,,,,,,,,,,,,,,,
838639,21 CFR 211.89,Virginia,Elkton,Drug Quality Assurance,VAI,"Main Street Family Pharmacy, LLC",6,11,2013,13,,1,,,,,,,,,,,,,,,,,,,,,,
838639,21 CFR 211.100(a),Kentucky,Fountain Run,Drug Quality Assurance,NAI,"Main Street Family Pharmacy, LLC",6,11,2013,3,,3,,,,,,,,,,,,,,,,,,,,,,
838639,21 CFR 211.111,Texas,Austin,Drug Quality Assurance,VAI,"Main Street Family Pharmacy, LLC",6,11,2013,27,,3,,,,,,,,,,,,,,,,,,,,,,
838639,21 CFR 211.113(b),New York,Westbury,Drug Quality Assurance,VAI,"Main Street Family Pharmacy, LLC",6,11,2013,32,,6,,,,,,,,,,,,,,,,,,,,,,
838639,21 CFR 211.113(b),Pennsylvania,Philadelphia,Drug Quality Assurance,NAI,"Main Street Family Pharmacy, LLC",6,11,2013,6,,5,,,,,,,,,,,,,,,,,,,,,,
838639,21 CFR 211.165(a),Florida,Miami,Bioresearch Monitoring,VAI,"Main Street Family Pharmacy, LLC",6,11,2013,8,,5,,,,,,,,,,,,,,,,,,,,,,
838639,21 CFR 211.167(a),Minnesota,Eden Prairie,Drug Quality Assurance,NAI,"Main Street Family Pharmacy, LLC",6,11,2013,17,,4,,,,,,,,,,,,,,,,,,,,,,
838639,21 CFR 211.170(a),Minnesota,Brooklyn Park,Drug Quality Assurance,NAI,"Main Street Family Pharmacy, LLC",6,11,2013,17,,6,,,,,,,,,,,,,,,,,,,,,,
838639,21 CFR 211.182,Texas,San Antonio,Bioresearch Monitoring,VAI,"Main Street Family Pharmacy, LLC",6,11,2013,7,,5,,,,,,,,,,,,,,,,,,,,,,
838639,21 CFR 211.188,California,Los Angeles,Drug Quality Assurance,VAI,"Main Street Family Pharmacy, LLC",6,11,2013,28,,1,,,,,,,,,,,,,,,,,,,,,,
837414,21 CFR 211.68(a),Indiana,Columbus,Drug Quality Assurance,VAI,"Sun Pharmaceutical Industries, Inc.",5,16,2013,19,,2,,,,,,,,,,,,,,,,,,,,,,
828005,21 CFR 211.100(a),Texas,Dallas,Drug Quality Assurance,VAI,"Akorn, Inc.",5,3,2013,12,,1,,,,,,,,,,,,,,,,,,,,,,
828005,21 CFR 211.160(a),Rhode Island,Providence,Drug Quality Assurance,VAI,"Akorn, Inc.",5,3,2013,29,,3,,,,,,,,,,,,,,,,,,,,,,
828005,21 CFR 211.180(e),California,Rancho Cucamonga,Unapproved and Misbranded Drugs,VAI,"Akorn, Inc.",5,3,2013,18,,3,,,,,,,,,,,,,,,,,,,,,,
828005,21 CFR 211.188,New York,Rochester,Bioresearch Monitoring,NAI,"Akorn, Inc.",5,3,2013,2,,7,,,,,,,,,,,,,,,,,,,,,,
828005,21 CFR 211.192,Colorado,Denver,Postmarket Surv. and Epidemiology,NAI,"Akorn, Inc.",5,3,2013,23,,8,,,,,,,,,,,,,,,,,,,,,,
832023,21 CFR 314.81(b)(1)(ii),Washington,Fife,Drug Quality Assurance,NAI,Baxter Healthcare Corporation,4,19,2013,27,,7,,,,,,,,,,,,,,,,,,,,,,
827465,21 CFR 211.198(a),New York,Farmingdale,Unapproved and Misbranded Drugs,VAI,"Taro Pharmaceuticals U.S.A., Inc.",4,18,2013,3,,10,,,,,,,,,,,,,,,,,,,,,,
827465,21 CFR 314.80(b),New Mexico,Albuquerque,Bioresearch Monitoring,NAI,"Taro Pharmaceuticals U.S.A., Inc.",4,18,2013,32,,6,,,,,,,,,,,,,,,,,,,,,,
827465,21 CFR 314.80(c),Kentucky,Louisville,Unapproved and Misbranded Drugs,NAI,"Taro Pharmaceuticals U.S.A., Inc.",4,18,2013,4,,3,,,,,,,,,,,,,,,,,,,,,,
825163,21 CFR 211.28(a),Puerto Rico,Barceloneta,Drug Quality Assurance,VAI,"Downing Labs, LLC",4,16,2013,14,,2,,,,,,,,,,,,,,,,,,,,,,
825163,21 CFR 211.42(c)(10)(iv),Massachusetts,Wilmington,Drug Quality Assurance,NAI,"Downing Labs, LLC",4,16,2013,13,,9,,,,,,,,,,,,,,,,,,,,,,
825163,21 CFR 211.42(c)(10)(v),New York,Malone,Drug Quality Assurance,VAI,"Downing Labs, LLC",4,16,2013,40,,10,,,,,,,,,,,,,,,,,,,,,,
825163,21 CFR 211.42(c)(10)(vi),New York,Malone,Unapproved and Misbranded Drugs,OAI,"Downing Labs, LLC",4,16,2013,24,,4,,,,,,,,,,,,,,,,,,,,,,
825163,21 CFR 211.100(a),Maine,Augusta,Bioresearch Monitoring,NAI,"Downing Labs, LLC",4,16,2013,12,,10,,,,,,,,,,,,,,,,,,,,,,
825163,21 CFR 211.165(b),New Jersey,Raritan,Drug Quality Assurance,NAI,"Downing Labs, LLC",4,16,2013,25,,4,,,,,,,,,,,,,,,,,,,,,,
825163,21 CFR 211.186(b)(9),New Jersey,Piscataway,Drug Quality Assurance,NAI,"Downing Labs, LLC",4,16,2013,33,,4,,,,,,,,,,,,,,,,,,,,,,
825163,21 CFR 211.192,New York,Patchogue,Drug Quality Assurance,NAI,"Downing Labs, LLC",4,16,2013,17,,7,,,,,,,,,,,,,,,,,,,,,,
827045,21 CFR 211.25(a),Ohio,Cincinnati,Drug Quality Assurance,VAI,Clinical Specialties Compounding Pharmacy,4,2,2013,40,,7,,,,,,,,,,,,,,,,,,,,,,
827045,21 CFR 211.25(c),Ohio,Cincinnati,Prescription Drug Advertising and Labelling,NAI,Clinical Specialties Compounding Pharmacy,4,2,2013,16,,7,,,,,,,,,,,,,,,,,,,,,,
827045,21 CFR 211.42(b),California,Burbank,Drug Quality Assurance,VAI,Clinical Specialties Compounding Pharmacy,4,2,2013,34,,1,,,,,,,,,,,,,,,,,,,,,,
827045,21 CFR 211.42(c)(10)(iv),California,Burbank,Drug Quality Assurance,VAI,Clinical Specialties Compounding Pharmacy,4,2,2013,23,,8,,,,,,,,,,,,,,,,,,,,,,
827045,21 CFR 211.42(c)(10)(v),California,Burbank,Drug Quality Assurance,VAI,Clinical Specialties Compounding Pharmacy,4,2,2013,9,,10,,,,,,,,,,,,,,,,,,,,,,
827045,21 CFR 211.113(b),Florida,Key Colony Beach,Unapproved and Misbranded Drugs,OAI,Clinical Specialties Compounding Pharmacy,4,2,2013,10,,6,,,,,,,,,,,,,,,,,,,,,,
827045,21 CFR 211.150(b),New Jersey,Edison,Drug Quality Assurance,VAI,Clinical Specialties Compounding Pharmacy,4,2,2013,39,,3,,,,,,,,,,,,,,,,,,,,,,
827045,21 CFR 211.166(a),California,Irvine,Drug Quality Assurance,NAI,Clinical Specialties Compounding Pharmacy,4,2,2013,2,,10,,,,,,,,,,,,,,,,,,,,,,
823433,21 CFR 314.80(c)(1)(i),Arizona,Scottsdale,Drug Quality Assurance,NAI,Merck Sharp & Dohme Corp.,3,26,2013,20,,6,,,,,,,,,,,,,,,,,,,,,,
823212,21 CFR 211.113(a),California,Irvine,Drug Quality Assurance,NAI,"Lannett Company, Inc.",3,25,2013,26,,3,,,,,,,,,,,,,,,,,,,,,,
824093,21 CFR 211.28(a),North Carolina,Asheville,Drug Quality Assurance,NAI,"Medaus, Inc.",3,22,2013,27,,1,,,,,,,,,,,,,,,,,,,,,,
824093,21 CFR 211.111,South Carolina,Taylors,Bioresearch Monitoring,VAI,"Medaus, Inc.",3,22,2013,40,,7,,,,,,,,,,,,,,,,,,,,,,
824093,21 CFR 211.113(b),Connecticut,Plainville,Drug Quality Assurance,VAI,"Medaus, Inc.",3,22,2013,6,,4,,,,,,,,,,,,,,,,,,,,,,
824093,21 CFR 211.113(b),Ohio,Westlake,Drug Quality Assurance,VAI,"Medaus, Inc.",3,22,2013,9,,6,,,,,,,,,,,,,,,,,,,,,,
824093,21 CFR 211.142(b),North Carolina,Durham,Drug Quality Assurance,VAI,"Medaus, Inc.",3,22,2013,30,,3,,,,,,,,,,,,,,,,,,,,,,
824093,21 CFR 211.160(b)(1),Michigan,Hemlock,Drug Quality Assurance,VAI,"Medaus, Inc.",3,22,2013,38,,2,,,,,,,,,,,,,,,,,,,,,,
824093,21 CFR 211.165(a),California,San Francisco,Drug Quality Assurance,VAI,"Medaus, Inc.",3,22,2013,38,,4,,,,,,,,,,,,,,,,,,,,,,
824093,21 CFR 211.166(b),Arizona,Tempe,Drug Quality Assurance,OAI,"Medaus, Inc.",3,22,2013,28,,7,,,,,,,,,,,,,,,,,,,,,,
824093,21 CFR 211.167(a),New Jersey,North Brunswick,Postmarket Surv. and Epidemiology,NAI,"Medaus, Inc.",3,22,2013,33,,4,,,,,,,,,,,,,,,,,,,,,,
822999,21 CFR 211.28(a),Illinois,Granite City,Drug Quality Assurance,NAI,"FVS Holdings, Inc. dba. Green Valley Drugs",3,15,2013,40,,8,,,,,,,,,,,,,,,,,,,,,,
822999,21 CFR 211.42(c),Ohio,Canton,Drug Quality Assurance,VAI,"FVS Holdings, Inc. dba. Green Valley Drugs",3,15,2013,10,,2,,,,,,,,,,,,,,,,,,,,,,
822999,21 CFR 211.42(c)(10)(iv),Michigan,Saginaw,Bioresearch Monitoring,VAI,"FVS Holdings, Inc. dba. Green Valley Drugs",3,15,2013,30,,4,,,,,,,,,,,,,,,,,,,,,,
822999,21 CFR 211.42(c)(10)(v),Pennsylvania,Conshohocken,Bioresearch Monitoring,VAI,"FVS Holdings, Inc. dba. Green Valley Drugs",3,15,2013,16,,4,,,,,,,,,,,,,,,,,,,,,,
822999,21 CFR 211.80(b),Wisconsin,Monroe,Drug Quality Assurance,VAI,"FVS Holdings, Inc. dba. Green Valley Drugs",3,15,2013,13,,5,,,,,,,,,,,,,,,,,,,,,,
822999,21 CFR 211.113(b),Tennessee,Nashville,Bioresearch Monitoring,VAI,"FVS Holdings, Inc. dba. Green Valley Drugs",3,15,2013,27,,2,,,,,,,,,,,,,,,,,,,,,,
822999,21 CFR 211.113(b),Michigan,Bay City,Drug Quality Assurance,NAI,"FVS Holdings, Inc. dba. Green Valley Drugs",3,15,2013,38,,8,,,,,,,,,,,,,,,,,,,,,,
822999,21 CFR 211.166(a),Ohio,Columbus,Drug Quality Assurance,VAI,"FVS Holdings, Inc. dba. Green Valley Drugs",3,15,2013,10,,8,,,,,,,,,,,,,,,,,,,,,,
822999,21 CFR 211.192,Nevada,Reno,Unapproved and Misbranded Drugs,VAI,"FVS Holdings, Inc. dba. Green Valley Drugs",3,15,2013,10,,7,,,,,,,,,,,,,,,,,,,,,,
823282,21 CFR 211.28(a),California,Livermore,Drug Quality Assurance,VAI,Axium Healthcare Pharmacy dba Balanced Solutions Compounding,3,15,2013,29,,10,,,,,,,,,,,,,,,,,,,,,,
823282,21 CFR 211.42(c)(1),New Jersey,Bellmawr,Drug Quality Assurance,NAI,Axium Healthcare Pharmacy dba Balanced Solutions Compounding,3,15,2013,4,,6,,,,,,,,,,,,,,,,,,,,,,
823282,21 CFR 211.42(c)(10)(iv),Georgia,Marietta,Bioresearch Monitoring,VAI,Axium Healthcare Pharmacy dba Balanced Solutions Compounding,3,15,2013,14,,4,,,,,,,,,,,,,,,,,,,,,,
823282,21 CFR 211.67(a),California,South San Francisco,Bioresearch Monitoring,NAI,Axium Healthcare Pharmacy dba Balanced Solutions Compounding,3,15,2013,40,,5,,,,,,,,,,,,,,,,,,,,,,
823282,21 CFR 211.113(b),North Carolina,Winston Salem,Bioresearch Monitoring,NAI,Axium Healthcare Pharmacy dba Balanced Solutions Compounding,3,15,2013,37,,5,,,,,,,,,,,,,,,,,,,,,,
823282,21 CFR 211.113(b),Florida,Orlando,Bioresearch Monitoring,OAI,Axium Healthcare Pharmacy dba Balanced Solutions Compounding,3,15,2013,4,,3,,,,,,,,,,,,,,,,,,,,,,
817330,21 CFR 211.100(b),Florida,Clearwater,Drug Quality Assurance,NAI,"Par Pharmaceutical, Inc.",2,19,2013,40,,10,,,,,,,,,,,,,,,,,,,,,,
817330,21 CFR 211.110(a),New York,Bohemia,Postmarket Surv. and Epidemiology,NAI,"Par Pharmaceutical, Inc.",2,19,2013,17,,8,,,,,,,,,,,,,,,,,,,,,,
815426,21 CFR 211.22(d),New Jersey,Springfield,Bioresearch Monitoring,VAI,"Fresenius Kabi USA, LLC",1,11,2013,12,,10,,,,,,,,,,,,,,,,,,,,,,
815426,21 CFR 211.56(a),Missouri,Chesterfield,Drug Quality Assurance,NAI,"Fresenius Kabi USA, LLC",1,11,2013,2,,7,,,,,,,,,,,,,,,,,,,,,,
815426,21 CFR 211.67(b),Massachusetts,Dudley,Drug Quality Assurance,VAI,"Fresenius Kabi USA, LLC",1,11,2013,19,,1,,,,,,,,,,,,,,,,,,,,,,
815426,21 CFR 211.113(b),Ohio,Bucyrus,Drug Quality Assurance,NAI,"Fresenius Kabi USA, LLC",1,11,2013,27,,8,,,,,,,,,,,,,,,,,,,,,,
815426,21 CFR 211.180(c),Illinois,Tinley Park,Drug Quality Assurance,NAI,"Fresenius Kabi USA, LLC",1,11,2013,4,,9,,,,,,,,,,,,,,,,,,,,,,
815426,21 CFR 211.192,Colorado,Boulder,Drug Quality Assurance,VAI,"Fresenius Kabi USA, LLC",1,11,2013,24,,6,,,,,,,,,,,,,,,,,,,,,,
815426,21 CFR 314.81(b)(1)(ii),Massachusetts,Waltham,Bioresearch Monitoring,NAI,"Fresenius Kabi USA, LLC",1,11,2013,40,,2,,,,,,,,,,,,,,,,,,,,,,
815426,21 CFR 314.81(b)(2),North Carolina,Charlotte,Drug Quality Assurance,VAI,"Fresenius Kabi USA, LLC",1,11,2013,40,,7,,,,,,,,,,,,,,,,,,,,,,
811624,21 CFR 211.100(a),Texas,Dallas,Drug Quality Assurance,VAI,Novartis Pharmaceuticals Corp.,12,19,2012,7,,4,,,,,,,,,,,,,,,,,,,,,,
811624,21 CFR 211.180(e)(1),Tennessee,Cleveland,Drug Quality Assurance,NAI,Novartis Pharmaceuticals Corp.,12,19,2012,10,,7,,,,,,,,,,,,,,,,,,,,,,
802315,21 CFR 211.22(d),New Jersey,Lambertville,Postmarket Surv. and Epidemiology,VAI,Watson Laboratories Inc,11,26,2012,32,,6,,,,,,,,,,,,,,,,,,,,,,
802315,21 CFR 211.63,Maryland,Easton,Drug Quality Assurance,VAI,Watson Laboratories Inc,11,26,2012,18,,9,,,,,,,,,,,,,,,,,,,,,,
802315,21 CFR 211.68(b),California,South El Monte,Drug Quality Assurance,VAI,Watson Laboratories Inc,11,26,2012,19,,4,,,,,,,,,,,,,,,,,,,,,,
802315,21 CFR 211.110(a),Pennsylvania,Monroeville,Drug Quality Assurance,VAI,Watson Laboratories Inc,11,26,2012,7,,9,,,,,,,,,,,,,,,,,,,,,,
802315,21 CFR 211.111,California,Hayward,Drug Quality Assurance,VAI,Watson Laboratories Inc,11,26,2012,12,,9,,,,,,,,,,,,,,,,,,,,,,
802315,21 CFR 211.160(a),Virginia,Chesapeake,Drug Quality Assurance,VAI,Watson Laboratories Inc,11,26,2012,35,,7,,,,,,,,,,,,,,,,,,,,,,
802315,21 CFR 211.160(b),California,San Francisco,Bioresearch Monitoring,VAI,Watson Laboratories Inc,11,26,2012,7,,3,,,,,,,,,,,,,,,,,,,,,,
802315,21 CFR 211.165(e),California,Hayward,Drug Quality Assurance,VAI,Watson Laboratories Inc,11,26,2012,31,,3,,,,,,,,,,,,,,,,,,,,,,
802315,21 CFR 211.165(f),Texas,Houston,Drug Quality Assurance,NAI,Watson Laboratories Inc,11,26,2012,37,,3,,,,,,,,,,,,,,,,,,,,,,
802315,21 CFR 211.166(a)(3),Texas,Houston,Postmarket Surv. and Epidemiology,NAI,Watson Laboratories Inc,11,26,2012,15,,5,,,,,,,,,,,,,,,,,,,,,,
802315,21 CFR 211.166(a)(4),Texas,Houston,Unapproved and Misbranded Drugs,VAI,Watson Laboratories Inc,11,26,2012,11,,9,,,,,,,,,,,,,,,,,,,,,,
802315,21 CFR 211.186(b)(1),California,Fullerton,Bioresearch Monitoring,NAI,Watson Laboratories Inc,11,26,2012,3,,8,,,,,,,,,,,,,,,,,,,,,,
802315,21 CFR 211.192,Iowa,Des Moines,Drug Quality Assurance,VAI,Watson Laboratories Inc,11,26,2012,24,,10,,,,,,,,,,,,,,,,,,,,,,
802315,21 CFR 211.192,New Jersey,South Plainfield,Drug Quality Assurance,NAI,Watson Laboratories Inc,11,26,2012,17,,6,,,,,,,,,,,,,,,,,,,,,,
802315,21 CFR 211.192,New Jersey,South Plainfield,Postmarket Surv. and Epidemiology,NAI,Watson Laboratories Inc,11,26,2012,30,,1,,,,,,,,,,,,,,,,,,,,,,
802315,21 CFR 211.194(a)(2),California,Irvine,Drug Quality Assurance,NAI,Watson Laboratories Inc,11,26,2012,26,,10,,,,,,,,,,,,,,,,,,,,,,
802315,21 CFR 314.81(b)(1)(ii),Wyoming,Green River,Drug Quality Assurance,VAI,Watson Laboratories Inc,11,26,2012,21,,7,,,,,,,,,,,,,,,,,,,,,,
809535,21 CFR 211.22(d),Michigan,Warren,Drug Quality Assurance,VAI,Cardinal Health,11,26,2012,10,,6,,,,,,,,,,,,,,,,,,,,,,
807963,21 CFR 211.58,Kentucky,Morehead,Bioresearch Monitoring,NAI,Torrent Pharma Inc,11,21,2012,29,,5,,,,,,,,,,,,,,,,,,,,,,
807963,21 CFR 211.192,Alabama,Arab,Drug Quality Assurance,NAI,Torrent Pharma Inc,11,21,2012,9,,5,,,,,,,,,,,,,,,,,,,,,,
808425,21 CFR 211.46(b),California,Northridge,Drug Quality Assurance,VAI,Baxter Healthcare Corporation,11,16,2012,2,,7,,,,,,,,,,,,,,,,,,,,,,
808425,21 CFR 211.56(c),Tennessee,Nashville,Drug Quality Assurance,NAI,Baxter Healthcare Corporation,11,16,2012,6,,10,,,,,,,,,,,,,,,,,,,,,,
808425,21 CFR 211.67(a),Kansas,Mcpherson,Drug Quality Assurance,VAI,Baxter Healthcare Corporation,11,16,2012,37,,2,,,,,,,,,,,,,,,,,,,,,,
808425,21 CFR 211.67(b),Minnesota,Minnetonka,Bioresearch Monitoring,NAI,Baxter Healthcare Corporation,11,16,2012,20,,9,,,,,,,,,,,,,,,,,,,,,,
808425,21 CFR 211.67(c),Texas,Grand Prairie,Drug Quality Assurance,OAI,Baxter Healthcare Corporation,11,16,2012,27,,2,,,,,,,,,,,,,,,,,,,,,,
808425,21 CFR 211.100(b),Wisconsin,Elkhorn,Drug Quality Assurance,VAI,Baxter Healthcare Corporation,11,16,2012,21,,10,,,,,,,,,,,,,,,,,,,,,,
808425,21 CFR 211.160(b),North Dakota,Bismarck,Bioresearch Monitoring,NAI,Baxter Healthcare Corporation,11,16,2012,9,,9,,,,,,,,,,,,,,,,,,,,,,
808425,21 CFR 211.192,Pennsylvania,Warminster,Drug Quality Assurance,VAI,Baxter Healthcare Corporation,11,16,2012,16,,5,,,,,,,,,,,,,,,,,,,,,,
808425,21 CFR 211.194(a)(1),New Jersey,East Brunswick,Drug Quality Assurance,NAI,Baxter Healthcare Corporation,11,16,2012,38,,9,,,,,,,,,,,,,,,,,,,,,,
806029,21 CFR 211.22(d),New Jersey,Sparta,Drug Quality Assurance,NAI,"Akorn, Inc.",10,26,2012,23,,1,,,,,,,,,,,,,,,,,,,,,,
806029,21 CFR 211.188,New York,Holtsville,Drug Quality Assurance,VAI,"Akorn, Inc.",10,26,2012,31,,9,,,,,,,,,,,,,,,,,,,,,,
805292,21 CFR 314.80(b),New York,Farmingdale,Drug Quality Assurance,OAI,Pfizer Inc.,10,15,2012,14,,9,,,,,,,,,,,,,,,,,,,,,,
805292,21 CFR 314.80(b),New York,Farmingdale,Unapproved and Misbranded Drugs,OAI,Pfizer Inc.,10,15,2012,16,,3,,,,,,,,,,,,,,,,,,,,,,
805292,21 CFR 314.80(c)(1)(ii),Florida,Miami,Bioresearch Monitoring,VAI,Pfizer Inc.,10,15,2012,37,,10,,,,,,,,,,,,,,,,,,,,,,
805292,21 CFR 314.80(c)(1)(ii),Washington,Bellingham,Unapproved and Misbranded Drugs,NAI,Pfizer Inc.,10,15,2012,6,,9,,,,,,,,,,,,,,,,,,,,,,
805292,21 CFR 314.80(c)(1)(iii),Delaware,Newark,Drug Quality Assurance,NAI,Pfizer Inc.,10,15,2012,29,,8,,,,,,,,,,,,,,,,,,,,,,
797913,21 CFR 211.42(c),New Jersey,Boonton,Drug Quality Assurance,NAI,American Health Packaging,9,10,2012,6,,1,,,,,,,,,,,,,,,,,,,,,,
797913,21 CFR 211.80(d),New York,Poughkeepsie,Bioresearch Monitoring,NAI,American Health Packaging,9,10,2012,27,,8,,,,,,,,,,,,,,,,,,,,,,
798676,21 CFR 211.58,New Jersey,North Brunswick,Drug Quality Assurance,VAI,Baxter Healthcare Corporation,8,31,2012,6,,10,,,,,,,,,,,,,,,,,,,,,,
798676,21 CFR 211.110(b),New Jersey,Parsippany,Drug Quality Assurance,VAI,Baxter Healthcare Corporation,8,31,2012,34,,7,,,,,,,,,,,,,,,,,,,,,,
798676,21 CFR 314.81(b)(1)(ii),Wisconsin,Jackson,Drug Quality Assurance,NAI,Baxter Healthcare Corporation,8,31,2012,37,,7,,,,,,,,,,,,,,,,,,,,,,
795558,21 CFR 211.22(a),Washington,Mount Vernon,Drug Quality Assurance,NAI,L. Perrigo Company,8,24,2012,13,,7,,,,,,,,,,,,,,,,,,,,,,
795558,21 CFR 211.192,Utah,Salt Lake City,Bioresearch Monitoring,VAI,L. Perrigo Company,8,24,2012,8,,7,,,,,,,,,,,,,,,,,,,,,,
799252,21 CFR 211.22(d),Michigan,Livonia,Drug Quality Assurance,NAI,Apotex Inc.,8,24,2012,31,,10,,,,,,,,,,,,,,,,,,,,,,
799252,21 CFR 211.25(a),Puerto Rico,Juncos,Drug Quality Assurance,VAI,Apotex Inc.,8,24,2012,2,,7,,,,,,,,,,,,,,,,,,,,,,
799252,21 CFR 211.56(a),Indiana,Indianapolis,Postmarket Surv. and Epidemiology,NAI,Apotex Inc.,8,24,2012,40,,7,,,,,,,,,,,,,,,,,,,,,,
799252,21 CFR 211.80(d),Oregon,Eugene,Bioresearch Monitoring,VAI,Apotex Inc.,8,24,2012,36,,3,,,,,,,,,,,,,,,,,,,,,,
799252,21 CFR 211.103,New Jersey,Florham Park,Postmarket Surv. and Epidemiology,NAI,Apotex Inc.,8,24,2012,17,,6,,,,,,,,,,,,,,,,,,,,,,
799252,21 CFR 211.125(d),Indiana,Indianapolis,Bioresearch Monitoring,OAI,Apotex Inc.,8,24,2012,38,,1,,,,,,,,,,,,,,,,,,,,,,
803870,21 CFR 314.80(c)(1)(i),Florida,Coral Gables,Bioresearch Monitoring,VAI,"Lannett Company, Inc.",8,17,2012,35,,5,,,,,,,,,,,,,,,,,,,,,,
803870,21 CFR 314.80(c)(1)(iii),Michigan,Detroit,Postmarket Surv. and Epidemiology,NAI,"Lannett Company, Inc.",8,17,2012,34,,8,,,,,,,,,,,,,,,,,,,,,,
792357,21 CFR 211.100(a),California,Huntington Beach,Drug Quality Assurance,VAI,"Hospira, Inc.",7,26,2012,11,,7,,,,,,,,,,,,,,,,,,,,,,
792357,21 CFR 211.110(a),California,Huntington Beach,Unapproved and Misbranded Drugs,VAI,"Hospira, Inc.",7,26,2012,22,,10,,,,,,,,,,,,,,,,,,,,,,
792357,21 CFR 314.81(b)(1)(ii),Washington,Tacoma,Bioresearch Monitoring,NAI,"Hospira, Inc.",7,26,2012,39,,5,,,,,,,,,,,,,,,,,,,,,,
790064,21 CFR 211.87,Louisiana,Baton Rouge,Drug Quality Assurance,OAI,"Lincare, Inc.",7,10,2012,2,,8,,,,,,,,,,,,,,,,,,,,,,
789123,21 CFR 211.22(a),Montana,Helena,Drug Quality Assurance,NAI,Baxter Healthcare Corporation,6,27,2012,25,,9,,,,,,,,,,,,,,,,,,,,,,
791750,21 CFR 211.100(b),Tennessee,Nashville,Drug Quality Assurance,NAI,Medline Industries Inc,6,21,2012,22,,7,,,,,,,,,,,,,,,,,,,,,,
791750,21 CFR 211.192,Oklahoma,Yukon,Bioresearch Monitoring,VAI,Medline Industries Inc,6,21,2012,36,,2,,,,,,,,,,,,,,,,,,,,,,
792749,21 CFR 211.25(a),Texas,Austin,Drug Quality Assurance,NAI,"Aidapak Services, LLC",6,19,2012,11,,3,,,,,,,,,,,,,,,,,,,,,,
792749,21 CFR 211.28(a),New Jersey,Princeton,Bioresearch Monitoring,VAI,"Aidapak Services, LLC",6,19,2012,24,,10,,,,,,,,,,,,,,,,,,,,,,
792749,21 CFR 211.80(a),Maryland,Baltimore,Bioresearch Monitoring,NAI,"Aidapak Services, LLC",6,19,2012,6,,7,,,,,,,,,,,,,,,,,,,,,,
787924,21 CFR 211.68(a),Texas,Brenham,Drug Quality Assurance,NAI,"VistaPharm, Inc.",6,15,2012,22,,7,,,,,,,,,,,,,,,,,,,,,,
787924,21 CFR 211.188(b)(12),Pennsylvania,Mechanicsburg,Drug Quality Assurance,NAI,"VistaPharm, Inc.",6,15,2012,20,,8,,,,,,,,,,,,,,,,,,,,,,
787926,21 CFR 211.22(d),Pennsylvania,Mechanicsburg,Drug Quality Assurance,NAI,Lloyd Inc. of Iowa,6,15,2012,10,,5,,,,,,,,,,,,,,,,,,,,,,
787926,21 CFR 211.25(c),Pennsylvania,Lititz,Drug Quality Assurance,NAI,Lloyd Inc. of Iowa,6,15,2012,24,,2,,,,,,,,,,,,,,,,,,,,,,
787926,21 CFR 211.194(a),Missouri,Mound City,Drug Quality Assurance,VAI,Lloyd Inc. of Iowa,6,15,2012,36,,8,,,,,,,,,,,,,,,,,,,,,,
787926,21 CFR 211.198(a),California,South San Francisco,Postmarket Surv. and Epidemiology,VAI,Lloyd Inc. of Iowa,6,15,2012,39,,2,,,,,,,,,,,,,,,,,,,,,,
787926,21 CFR 314.81(b)(1)(ii),California,Ventura,Drug Quality Assurance,VAI,Lloyd Inc. of Iowa,6,15,2012,5,,8,,,,,,,,,,,,,,,,,,,,,,
788106,21 CFR 211.80(a),Ohio,Bryan,Drug Quality Assurance,VAI,"VistaPharm, Inc.",6,15,2012,7,,1,,,,,,,,,,,,,,,,,,,,,,
788106,21 CFR 211.100(b),New Jersey,North Bergen,Drug Quality Assurance,NAI,"VistaPharm, Inc.",6,15,2012,13,,4,,,,,,,,,,,,,,,,,,,,,,
788106,21 CFR 211.142,Idaho,Idaho Falls,Drug Quality Assurance,VAI,"VistaPharm, Inc.",6,15,2012,33,,4,,,,,,,,,,,,,,,,,,,,,,
786253,21 CFR 211.25(a),New York,Melville,Drug Quality Assurance,VAI,"Akorn, Inc.",5,25,2012,26,,4,,,,,,,,,,,,,,,,,,,,,,
783890,21 CFR 211.130,Florida,Deerfield Beach,Unapproved and Misbranded Drugs,NAI,"Blenheim Pharmacal, Inc.",5,18,2012,24,,6,,,,,,,,,,,,,,,,,,,,,,
783890,21 CFR 211.130(e),Utah,West Haven,Unapproved and Misbranded Drugs,VAI,"Blenheim Pharmacal, Inc.",5,18,2012,30,,6,,,,,,,,,,,,,,,,,,,,,,
783661,21 CFR 310.305(c)(1)(i),Florida,Boca Raton,Drug Quality Assurance,NAI,"Fresenius Kabi USA, LLC",5,4,2012,7,,1,,,,,,,,,,,,,,,,,,,,,,
783661,21 CFR 314.80(c)(2),South Carolina,Goose Creek,Drug Quality Assurance,VAI,"Fresenius Kabi USA, LLC",5,4,2012,22,,7,,,,,,,,,,,,,,,,,,,,,,
774592,21 CFR 211.100(a),Florida,Miami,Bioresearch Monitoring,OAI,"TG United, Inc.",3,30,2012,22,,2,,,,,,,,,,,,,,,,,,,,,,
774592,21 CFR 211.180(e)(2),Ohio,Akron,Drug Quality Assurance,NAI,"TG United, Inc.",3,30,2012,25,,1,,,,,,,,,,,,,,,,,,,,,,
775379,21 CFR 211.100(a),Missouri,Saint Peters,Drug Quality Assurance,NAI,"TG United, Inc.",3,30,2012,21,,7,,,,,,,,,,,,,,,,,,,,,,
775379,21 CFR 211.166(b),Missouri,Saint Louis,Drug Quality Assurance,VAI,"TG United, Inc.",3,30,2012,24,,9,,,,,,,,,,,,,,,,,,,,,,
775379,21 CFR 211.180(e)(2),Virginia,Alexandria,Drug Quality Assurance,OAI,"TG United, Inc.",3,30,2012,2,,10,,,,,,,,,,,,,,,,,,,,,,
775379,21 CFR 211.192,New Jersey,Princeton,Postmarket Surv. and Epidemiology,NAI,"TG United, Inc.",3,30,2012,16,,7,,,,,,,,,,,,,,,,,,,,,,
775386,21 CFR 211.160(b)(4),Minnesota,Cambridge,Drug Quality Assurance,VAI,"TG United, Inc.",3,30,2012,33,,8,,,,,,,,,,,,,,,,,,,,,,
775386,21 CFR 211.165(a),California,San Dimas,Drug Quality Assurance,NAI,"TG United, Inc.",3,30,2012,18,,10,,,,,,,,,,,,,,,,,,,,,,
775386,21 CFR 211.166(b),Ohio,Solon,Drug Quality Assurance,NAI,"TG United, Inc.",3,30,2012,33,,7,,,,,,,,,,,,,,,,,,,,,,
775386,21 CFR 211.192,Florida,Orlando,Drug Quality Assurance,NAI,"TG United, Inc.",3,30,2012,25,,4,,,,,,,,,,,,,,,,,,,,,,
775386,21 CFR 211.194(b),Kentucky,Florence,Drug Quality Assurance,NAI,"TG United, Inc.",3,30,2012,24,,2,,,,,,,,,,,,,,,,,,,,,,
771513,21 CFR 211.46(b),Florida,North Palm Beach,Bioresearch Monitoring,OAI,Product Quest Manufacturing LLC,3,11,2012,14,,9,,,,,,,,,,,,,,,,,,,,,,
771513,21 CFR 211.100(a),New York,Williamsville,Bioresearch Monitoring,NAI,Product Quest Manufacturing LLC,3,11,2012,20,,9,,,,,,,,,,,,,,,,,,,,,,
771513,21 CFR 211.160(b)(4),New Jersey,Buena,Drug Quality Assurance,VAI,Product Quest Manufacturing LLC,3,11,2012,38,,7,,,,,,,,,,,,,,,,,,,,,,
771513,21 CFR 211.166(a),California,Carson,Drug Quality Assurance,NAI,Product Quest Manufacturing LLC,3,11,2012,29,,5,,,,,,,,,,,,,,,,,,,,,,
771666,21 CFR 211.192,Colorado,Denver,Drug Quality Assurance,VAI,"Hospira, Inc.",3,9,2012,39,,1,,,,,,,,,,,,,,,,,,,,,,
769594,21 CFR 314.80(c)(1)(i),New Jersey,North Bergen,Drug Quality Assurance,VAI,"Taro Pharmaceuticals U.S.A., Inc.",3,8,2012,29,,8,,,,,,,,,,,,,,,,,,,,,,
769594,21 CFR 314.80(f)(1),California,Pleasanton,Drug Quality Assurance,OAI,"Taro Pharmaceuticals U.S.A., Inc.",3,8,2012,7,,1,,,,,,,,,,,,,,,,,,,,,,
772764,21 CFR 211.110(a),West Virginia,Charleston,Bioresearch Monitoring,VAI,Cadila Healthcare Limited,2,23,2012,10,,2,,,,,,,,,,,,,,,,,,,,,,
772764,21 CFR 211.113(a),California,Sacramento,Bioresearch Monitoring,VAI,Cadila Healthcare Limited,2,23,2012,29,,9,,,,,,,,,,,,,,,,,,,,,,
772764,21 CFR 211.113(b),Texas,Amarillo,Drug Quality Assurance,NAI,Cadila Healthcare Limited,2,23,2012,27,,1,,,,,,,,,,,,,,,,,,,,,,
772764,21 CFR 211.160(a),Texas,Amarillo,Drug Quality Assurance,NAI,Cadila Healthcare Limited,2,23,2012,28,,9,,,,,,,,,,,,,,,,,,,,,,
772764,21 CFR 211.165(e),Texas,Dallas,Drug Quality Assurance,VAI,Cadila Healthcare Limited,2,23,2012,39,,10,,,,,,,,,,,,,,,,,,,,,,
771045,21 CFR 211.42(c)(5),Georgia,Alpharetta,Drug Quality Assurance,NAI,Aidarex Pharmaceuticals LLC,2,22,2012,24,,7,,,,,,,,,,,,,,,,,,,,,,
771045,21 CFR 211.46(b),Pennsylvania,Allentown,Drug Quality Assurance,OAI,Aidarex Pharmaceuticals LLC,2,22,2012,8,,4,,,,,,,,,,,,,,,,,,,,,,
771045,21 CFR 211.63,Texas,Sugar Land,Drug Quality Assurance,NAI,Aidarex Pharmaceuticals LLC,2,22,2012,24,,4,,,,,,,,,,,,,,,,,,,,,,
771045,21 CFR 211.176,Indiana,Indianapolis,Bioresearch Monitoring,OAI,Aidarex Pharmaceuticals LLC,2,22,2012,24,,6,,,,,,,,,,,,,,,,,,,,,,
767603,21 CFR 211.22(d),Pennsylvania,Mechanicsburg,Drug Quality Assurance,NAI,Mylan Pharmaceuticals Inc.,2,2,2012,35,,5,,,,,,,,,,,,,,,,,,,,,,
767603,21 CFR 211.42(c),New Jersey,Ridgefield,Drug Quality Assurance,VAI,Mylan Pharmaceuticals Inc.,2,2,2012,10,,3,,,,,,,,,,,,,,,,,,,,,,
767603,21 CFR 211.42(c)(5),Illinois,Libertyville,Drug Quality Assurance,NAI,Mylan Pharmaceuticals Inc.,2,2,2012,34,,7,,,,,,,,,,,,,,,,,,,,,,
764997,21 CFR 211.22(d),Washington,Seattle,Bioresearch Monitoring,OAI,Novartis Pharmaceuticals Corp.,1,31,2012,37,,9,,,,,,,,,,,,,,,,,,,,,,
764997,21 CFR 211.111,Florida,Sarasota,Drug Quality Assurance,NAI,Novartis Pharmaceuticals Corp.,1,31,2012,8,,2,,,,,,,,,,,,,,,,,,,,,,
764997,21 CFR 211.186(b)(7),Missouri,Kennett,Drug Quality Assurance,NAI,Novartis Pharmaceuticals Corp.,1,31,2012,35,,9,,,,,,,,,,,,,,,,,,,,,,
761230,21 CFR 314.80(c)(1)(i),Washington,Spokane,Drug Quality Assurance,NAI,Lupin Pharmaceuticals Inc.,12,23,2011,24,,1,,,,,,,,,,,,,,,,,,,,,,
761230,21 CFR 314.80(c)(2),Michigan,Grand Rapids,Drug Quality Assurance,VAI,Lupin Pharmaceuticals Inc.,12,23,2011,29,,6,,,,,,,,,,,,,,,,,,,,,,
757254,21 CFR 211.68(a),Florida,Winter Park,Bioresearch Monitoring,VAI,"Lincare, Inc.",12,16,2011,17,,3,,,,,,,,,,,,,,,,,,,,,,
757254,21 CFR 211.188(b)(2),Alabama,Birmingham,Bioresearch Monitoring,VAI,"Lincare, Inc.",12,16,2011,34,,2,,,,,,,,,,,,,,,,,,,,,,
757254,21 CFR 211.192,Indiana,Columbus,Drug Quality Assurance,VAI,"Lincare, Inc.",12,16,2011,37,,9,,,,,,,,,,,,,,,,,,,,,,
757254,21 CFR 211.192,Indiana,Columbus,Drug Quality Assurance,VAI,"Lincare, Inc.",12,16,2011,7,,3,,,,,,,,,,,,,,,,,,,,,,
753908,21 CFR 211.192,North Carolina,Marion,Drug Quality Assurance,NAI,Sage Products Inc,11,9,2011,10,,9,,,,,,,,,,,,,,,,,,,,,,
752297,21 CFR 211.160(b),Texas,Carrollton,Drug Quality Assurance,VAI,Baxter Healthcare Corporation,11,3,2011,30,,3,,,,,,,,,,,,,,,,,,,,,,
752879,21 CFR 211.22(d),Maryland,Frederick,Drug Quality Assurance,VAI,GlaxoSmithKline LLC,11,2,2011,38,,9,,,,,,,,,,,,,,,,,,,,,,
738828,21 CFR 314.80(c)(1)(i),Pennsylvania,Wayne,Drug Quality Assurance,NAI,Apotex Corp.,8,10,2011,14,,1,,,,,,,,,,,,,,,,,,,,,,
738907,21 CFR 211.25(a),Pennsylvania,Wayne,Postmarket Surv. and Epidemiology,NAI,King Bio Inc.,8,10,2011,27,,3,,,,,,,,,,,,,,,,,,,,,,
738907,21 CFR 211.84(e),Tennessee,Nashville,Drug Quality Assurance,NAI,King Bio Inc.,8,10,2011,13,,8,,,,,,,,,,,,,,,,,,,,,,
738907,21 CFR 211.165(b),California,San Diego,Drug Quality Assurance,VAI,King Bio Inc.,8,10,2011,37,,2,,,,,,,,,,,,,,,,,,,,,,
738907,21 CFR 211.166(a),New Hampshire,Salem,Drug Quality Assurance,NAI,King Bio Inc.,8,10,2011,11,,5,,,,,,,,,,,,,,,,,,,,,,
738907,21 CFR 211.186(b)(9),Missouri,Columbia,Drug Quality Assurance,NAI,King Bio Inc.,8,10,2011,40,,5,,,,,,,,,,,,,,,,,,,,,,
738907,21 CFR 211.192,Missouri,Columbia,Drug Quality Assurance,NAI,King Bio Inc.,8,10,2011,12,,9,,,,,,,,,,,,,,,,,,,,,,
732653,21 CFR 211.56(a),Massachusetts,Wilmington,Drug Quality Assurance,NAI,"Fresenius Kabi USA, LLC",7,8,2011,33,,5,,,,,,,,,,,,,,,,,,,,,,
732653,21 CFR 211.63,Nevada,Las Vegas,Bioresearch Monitoring,VAI,"Fresenius Kabi USA, LLC",7,8,2011,38,,7,,,,,,,,,,,,,,,,,,,,,,
732653,21 CFR 211.68(b),Pennsylvania,West Reading,Drug Quality Assurance,VAI,"Fresenius Kabi USA, LLC",7,8,2011,27,,10,,,,,,,,,,,,,,,,,,,,,,
732653,21 CFR 211.84(d)(3),Alabama,Huntsville,Drug Quality Assurance,NAI,"Fresenius Kabi USA, LLC",7,8,2011,35,,1,,,,,,,,,,,,,,,,,,,,,,
732653,21 CFR 211.113(b),Ohio,Columbus,Bioresearch Monitoring,NAI,"Fresenius Kabi USA, LLC",7,8,2011,14,,5,,,,,,,,,,,,,,,,,,,,,,
732653,21 CFR 211.113(b),Wisconsin,Franklin,Drug Quality Assurance,NAI,"Fresenius Kabi USA, LLC",7,8,2011,14,,8,,,,,,,,,,,,,,,,,,,,,,
732653,21 CFR 211.160(b),Florida,Jacksonville,Bioresearch Monitoring,VAI,"Fresenius Kabi USA, LLC",7,8,2011,38,,4,,,,,,,,,,,,,,,,,,,,,,
732653,21 CFR 211.165(d),California,Novato,Drug Quality Assurance,NAI,"Fresenius Kabi USA, LLC",7,8,2011,12,,8,,,,,,,,,,,,,,,,,,,,,,
732653,21 CFR 211.170(b),Pennsylvania,West Hazleton,Drug Quality Assurance,NAI,"Fresenius Kabi USA, LLC",7,8,2011,4,,1,,,,,,,,,,,,,,,,,,,,,,
732653,21 CFR 211.186(a),North Carolina,Farmville,Drug Quality Assurance,VAI,"Fresenius Kabi USA, LLC",7,8,2011,13,,2,,,,,,,,,,,,,,,,,,,,,,
730740,21 CFR 211.42(c),Florida,Tampa,Bioresearch Monitoring,VAI,"Genentech, Inc.",6,23,2011,19,,2,,,,,,,,,,,,,,,,,,,,,,
730740,21 CFR 211.42(c)(10),Louisiana,Hahnville,Drug Quality Assurance,NAI,"Genentech, Inc.",6,23,2011,3,,1,,,,,,,,,,,,,,,,,,,,,,
730740,21 CFR 211.113(b),California,Brisbane,Bioresearch Monitoring,VAI,"Genentech, Inc.",6,23,2011,8,,5,,,,,,,,,,,,,,,,,,,,,,
730740,21 CFR 211.160(a),Virginia,Falls Church,Bioresearch Monitoring,NAI,"Genentech, Inc.",6,23,2011,5,,1,,,,,,,,,,,,,,,,,,,,,,
730740,21 CFR 211.192,Wisconsin,Madison,Bioresearch Monitoring,VAI,"Genentech, Inc.",6,23,2011,23,,7,,,,,,,,,,,,,,,,,,,,,,
730740,21 CFR 211.192,North Carolina,Rockwell,Drug Quality Assurance,NAI,"Genentech, Inc.",6,23,2011,7,,8,,,,,,,,,,,,,,,,,,,,,,
730684,21 CFR 211.122(a),California,Anaheim,Bioresearch Monitoring,VAI,"Blenheim Pharmacal, Inc.",6,17,2011,11,,9,,,,,,,,,,,,,,,,,,,,,,
730684,21 CFR 211.184(e),Texas,San Antonio,Drug Quality Assurance,VAI,"Blenheim Pharmacal, Inc.",6,17,2011,22,,10,,,,,,,,,,,,,,,,,,,,,,
727159,21 CFR 211.68(b),New Jersey,Paulsboro,Drug Quality Assurance,NAI,L'Oreal USA Products Inc,5,25,2011,25,,9,,,,,,,,,,,,,,,,,,,,,,
714961,21 CFR 211.67(b),New Hampshire,Bedford,Drug Quality Assurance,VAI,"Lannett Company, Inc.",3,21,2011,21,,3,,,,,,,,,,,,,,,,,,,,,,
714961,21 CFR 211.111,Florida,Miami,Bioresearch Monitoring,VAI,"Lannett Company, Inc.",3,21,2011,36,,2,,,,,,,,,,,,,,,,,,,,,,
714961,21 CFR 211.192,Illinois,Chicago,Drug Quality Assurance,VAI,"Lannett Company, Inc.",3,21,2011,20,,4,,,,,,,,,,,,,,,,,,,,,,
712034,21 CFR 211.22(d),Wisconsin,Germantown,Drug Quality Assurance,VAI,Carilion Materials Management,3,2,2011,39,,3,,,,,,,,,,,,,,,,,,,,,,
712034,21 CFR 211.25(a),Wisconsin,Germantown,Drug Quality Assurance,VAI,Carilion Materials Management,3,2,2011,34,,8,,,,,,,,,,,,,,,,,,,,,,
712034,21 CFR 211.42(c),New York,Glendale,Drug Quality Assurance,NAI,Carilion Materials Management,3,2,2011,31,,8,,,,,,,,,,,,,,,,,,,,,,
712034,21 CFR 211.67(a),Ohio,Cleveland,Drug Quality Assurance,VAI,Carilion Materials Management,3,2,2011,39,,3,,,,,,,,,,,,,,,,,,,,,,
712034,21 CFR 211.80(a),California,Valencia,Bioresearch Monitoring,NAI,Carilion Materials Management,3,2,2011,15,,2,,,,,,,,,,,,,,,,,,,,,,
712034,21 CFR 211.125(a),New York,New York,Bioresearch Monitoring,NAI,Carilion Materials Management,3,2,2011,21,,9,,,,,,,,,,,,,,,,,,,,,,
712034,21 CFR 211.182,California,San Diego,Drug Quality Assurance,NAI,Carilion Materials Management,3,2,2011,25,,6,,,,,,,,,,,,,,,,,,,,,,
712034,21 CFR 211.188,California,San Francisco,Drug Quality Assurance,NAI,Carilion Materials Management,3,2,2011,23,,3,,,,,,,,,,,,,,,,,,,,,,
712034,21 CFR 211.188(b)(6),California,Carmichael,Bioresearch Monitoring,NAI,Carilion Materials Management,3,2,2011,26,,6,,,,,,,,,,,,,,,,,,,,,,
712034,21 CFR 211.188(b)(10),Connecticut,Rocky Hill,Bioresearch Monitoring,VAI,Carilion Materials Management,3,2,2011,37,,3,,,,,,,,,,,,,,,,,,,,,,
712034,21 CFR 211.192,Missouri,Brentwood,Drug Quality Assurance,VAI,Carilion Materials Management,3,2,2011,36,,3,,,,,,,,,,,,,,,,,,,,,,
712034,21 CFR 211.198(a),Missouri,Brentwood,Postmarket Surv. and Epidemiology,VAI,Carilion Materials Management,3,2,2011,11,,4,,,,,,,,,,,,,,,,,,,,,,
710971,21 CFR 314.80(b),South Carolina,Beech Island,Drug Quality Assurance,NAI,Zydus Pharmaceuticals USA Inc,2,22,2011,36,,6,,,,,,,,,,,,,,,,,,,,,,
711251,21 CFR 211.100(a),Colorado,Denver,Drug Quality Assurance,VAI,"Noven Pharmaceuticals, Inc.",2,14,2011,13,,2,,,,,,,,,,,,,,,,,,,,,,
711251,21 CFR 211.103,Ohio,Solon,Drug Quality Assurance,NAI,"Noven Pharmaceuticals, Inc.",2,14,2011,27,,1,,,,,,,,,,,,,,,,,,,,,,
711251,21 CFR 211.122(d),Massachusetts,Woburn,Drug Quality Assurance,VAI,"Noven Pharmaceuticals, Inc.",2,14,2011,16,,4,,,,,,,,,,,,,,,,,,,,,,
711251,21 CFR 211.180(e)(2),Massachusetts,North Billerica,Drug Quality Assurance,VAI,"Noven Pharmaceuticals, Inc.",2,14,2011,17,,5,,,,,,,,,,,,,,,,,,,,,,
711251,21 CFR 211.192,Massachusetts,Lexington,Bioresearch Monitoring,NAI,"Noven Pharmaceuticals, Inc.",2,14,2011,9,,9,,,,,,,,,,,,,,,,,,,,,,
709477,21 CFR 211.100(b),District of Columbia,Washington,Bioresearch Monitoring,NAI,Cadila Healthcare Limited,2,3,2011,20,,7,,,,,,,,,,,,,,,,,,,,,,
705885,21 CFR 211.25(a),Alabama,Homewood,Drug Quality Assurance,OAI,"Aidapak Services, LLC",1,6,2011,22,,5,,,,,,,,,,,,,,,,,,,,,,
705885,21 CFR 211.42(c),Vermont,Bennington,Bioresearch Monitoring,NAI,"Aidapak Services, LLC",1,6,2011,28,,1,,,,,,,,,,,,,,,,,,,,,,
705885,21 CFR 211.67(a),Florida,Ocala,Bioresearch Monitoring,VAI,"Aidapak Services, LLC",1,6,2011,26,,7,,,,,,,,,,,,,,,,,,,,,,
705885,21 CFR 211.125(f),Alabama,Montgomery,Bioresearch Monitoring,NAI,"Aidapak Services, LLC",1,6,2011,32,,3,,,,,,,,,,,,,,,,,,,,,,
705885,21 CFR 211.166(a),Virginia,Charlottesville,Drug Quality Assurance,VAI,"Aidapak Services, LLC",1,6,2011,10,,2,,,,,,,,,,,,,,,,,,,,,,
705885,21 CFR 211.176,New Hampshire,Salem,Drug Quality Assurance,VAI,"Aidapak Services, LLC",1,6,2011,17,,4,,,,,,,,,,,,,,,,,,,,,,
704290,21 CFR 211.100(a),Connecticut,Terryville,Drug Quality Assurance,VAI,Novartis Pharmaceuticals Corp.,12,21,2010,7,,4,,,,,,,,,,,,,,,,,,,,,,
704290,21 CFR 211.100(a),Texas,San Antonio,Bioresearch Monitoring,NAI,Novartis Pharmaceuticals Corp.,12,21,2010,24,,2,,,,,,,,,,,,,,,,,,,,,,
704290,21 CFR 211.100(b),California,Thousand Oaks,Bioresearch Monitoring,NAI,Novartis Pharmaceuticals Corp.,12,21,2010,19,,4,,,,,,,,,,,,,,,,,,,,,,
704290,21 CFR 211.110(c),New York,Syracuse,Drug Quality Assurance,NAI,Novartis Pharmaceuticals Corp.,12,21,2010,18,,2,,,,,,,,,,,,,,,,,,,,,,
704290,21 CFR 211.166(a),New York,Norwich,Drug Quality Assurance,NAI,Novartis Pharmaceuticals Corp.,12,21,2010,25,,5,,,,,,,,,,,,,,,,,,,,,,
704290,21 CFR 211.166(a),Missouri,Creve Coeur,Bioresearch Monitoring,NAI,Novartis Pharmaceuticals Corp.,12,21,2010,15,,3,,,,,,,,,,,,,,,,,,,,,,
704290,21 CFR 211.188(b)(6),North Carolina,Kernersville,Drug Quality Assurance,VAI,Novartis Pharmaceuticals Corp.,12,21,2010,35,,1,,,,,,,,,,,,,,,,,,,,,,
704290,21 CFR 211.192,Texas,Fort Worth,Drug Quality Assurance,VAI,Novartis Pharmaceuticals Corp.,12,21,2010,12,,8,,,,,,,,,,,,,,,,,,,,,,
704290,21 CFR 211.198(a),Texas,Dallas,Drug Quality Assurance,NAI,Novartis Pharmaceuticals Corp.,12,21,2010,30,,2,,,,,,,,,,,,,,,,,,,,,,
701986,21 CFR 211.198(a),Indiana,Jeffersonville,Bioresearch Monitoring,VAI,Merck Sharp & Dohme Corp.,12,15,2010,36,,5,,,,,,,,,,,,,,,,,,,,,,
703036,21 CFR 211.192,Massachusetts,Devens,Drug Quality Assurance,NAI,Teva Pharmaceuticals USA,12,2,2010,5,,9,,,,,,,,,,,,,,,,,,,,,,
703036,21 CFR 314.81(b)(1)(ii),Pennsylvania,Bethlehem,Drug Quality Assurance,VAI,Teva Pharmaceuticals USA,12,2,2010,5,,5,,,,,,,,,,,,,,,,,,,,,,
702473,21 CFR 211.160(b),New Jersey,Piscataway,Drug Quality Assurance,NAI,"TG United, Inc.",11,24,2010,38,,1,,,,,,,,,,,,,,,,,,,,,,
702473,21 CFR 211.160(b)(4),New York,Suffern,Drug Quality Assurance,VAI,"TG United, Inc.",11,24,2010,13,,6,,,,,,,,,,,,,,,,,,,,,,
702473,21 CFR 211.166(b),North Carolina,Kings Mountain,Drug Quality Assurance,NAI,"TG United, Inc.",11,24,2010,5,,8,,,,,,,,,,,,,,,,,,,,,,
702476,21 CFR 211.160(b),New Jersey,Totowa,Drug Quality Assurance,VAI,"TG United, Inc.",11,24,2010,19,,9,,,,,,,,,,,,,,,,,,,,,,
702476,21 CFR 211.160(b)(4),New Jersey,Totowa,Drug Quality Assurance,VAI,"TG United, Inc.",11,24,2010,37,,5,,,,,,,,,,,,,,,,,,,,,,
702476,21 CFR 211.166(b),North Carolina,Asheville,Drug Quality Assurance,VAI,"TG United, Inc.",11,24,2010,2,,9,,,,,,,,,,,,,,,,,,,,,,
702476,21 CFR 211.180(e)(2),New Jersey,Parsippany,Bioresearch Monitoring,VAI,"TG United, Inc.",11,24,2010,14,,6,,,,,,,,,,,,,,,,,,,,,,
702476,21 CFR 211.182,Wisconsin,Madison,Drug Quality Assurance,NAI,"TG United, Inc.",11,24,2010,38,,6,,,,,,,,,,,,,,,,,,,,,,
702476,21 CFR 211.192,Minnesota,Minneapolis,Bioresearch Monitoring,VAI,"TG United, Inc.",11,24,2010,2,,6,,,,,,,,,,,,,,,,,,,,,,
702476,21 CFR 211.192,Illinois,North Chicago,Drug Quality Assurance,NAI,"TG United, Inc.",11,24,2010,5,,4,,,,,,,,,,,,,,,,,,,,,,
702487,21 CFR 211.100(a),California,Northridge,Bioresearch Monitoring,NAI,"TG United, Inc.",11,24,2010,6,,8,,,,,,,,,,,,,,,,,,,,,,
702487,21 CFR 211.160(b),Puerto Rico,Manati,Drug Quality Assurance,VAI,"TG United, Inc.",11,24,2010,4,,3,,,,,,,,,,,,,,,,,,,,,,
702487,21 CFR 211.160(b)(4),Puerto Rico,Manati,Postmarket Surv. and Epidemiology,VAI,"TG United, Inc.",11,24,2010,15,,3,,,,,,,,,,,,,,,,,,,,,,
702487,21 CFR 211.166(b),New Jersey,Raritan,Bioresearch Monitoring,VAI,"TG United, Inc.",11,24,2010,36,,2,,,,,,,,,,,,,,,,,,,,,,
702487,21 CFR 211.180(e)(2),Mississippi,Meridian,Bioresearch Monitoring,OAI,"TG United, Inc.",11,24,2010,10,,3,,,,,,,,,,,,,,,,,,,,,,
702487,21 CFR 211.192,New York,Cooperstown,Bioresearch Monitoring,NAI,"TG United, Inc.",11,24,2010,14,,1,,,,,,,,,,,,,,,,,,,,,,
681269,21 CFR 211.160(a),California,Valencia,Drug Quality Assurance,NAI,"Lincare, Inc.",9,22,2010,7,,4,,,,,,,,,,,,,,,,,,,,,,
681269,21 CFR 211.188,Puerto Rico,Juncos,Drug Quality Assurance,NAI,"Lincare, Inc.",9,22,2010,21,,2,,,,,,,,,,,,,,,,,,,,,,
681269,21 CFR 211.188(b)(12),Iowa,Des Moines,Bioresearch Monitoring,NAI,"Lincare, Inc.",9,22,2010,16,,4,,,,,,,,,,,,,,,,,,,,,,
678440,21 CFR 211.192,California,Walnut Creek,Unapproved and Misbranded Drugs,VAI,"Akorn, Inc.",9,17,2010,36,,7,,,,,,,,,,,,,,,,,,,,,,
678441,21 CFR 211.80(a),Florida,Clearwater,Bioresearch Monitoring,VAI,"Akorn, Inc.",9,17,2010,6,,2,,,,,,,,,,,,,,,,,,,,,,
678441,21 CFR 211.84(a),Missouri,Kansas City,Drug Quality Assurance,NAI,"Akorn, Inc.",9,17,2010,17,,8,,,,,,,,,,,,,,,,,,,,,,
678441,21 CFR 211.100(b),Ohio,Cincinnati,Bioresearch Monitoring,NAI,"Akorn, Inc.",9,17,2010,23,,6,,,,,,,,,,,,,,,,,,,,,,
678441,21 CFR 211.192,New York,S New Berlin,Drug Quality Assurance,NAI,"Akorn, Inc.",9,17,2010,19,,10,,,,,,,,,,,,,,,,,,,,,,
680379,21 CFR 211.130(e),Rhode Island,Portsmouth,Drug Quality Assurance,OAI,Novartis Pharmaceuticals Corp.,9,16,2010,5,,5,,,,,,,,,,,,,,,,,,,,,,
679142,21 CFR 211.188,California,Anaheim,Bioresearch Monitoring,NAI,"Lincare, Inc.",9,8,2010,28,,3,,,,,,,,,,,,,,,,,,,,,,
,,,,,,,,,,32,,8,,,,,,,,,,,,,,,,,,,,,,
